node1,node2,dist,visibility,sound,transitability,lockable,flow
2.01,2.2,4,1,1,1,0,30
2.01,2.3,7,0.8,0.66,0,0,0
2.01,2.4,9,0.6,0.33,0,0,0
2.01,2.5,14,0.5,0,0,0,0
2.01,1798.6,18,0.4,0,0,0,0
2.01,3.1,4,1,1,1,0,2.5
2.01,5.01,4,1,1,1,0,15
2.01,7.1,6,0,0.66,0,0,0
2.01,7.2,8,0,0.66,0,0,0
2.01,7.3,8,0,0.66,0,0,0
2.01,11.1,8,0,0.66,0,0,0
2.01,11.2,8,0,0.66,0,0,0
2.01,13.1,9,0,0.33,0,0,0
2.01,13.2,10,0,0.33,0,0,0
2.01,17.1,9,0,0.33,0,0,0
2.01,17.2,10,0,0.33,0,0,0
2.2,2.01,4,1,1,1,0,20
2.2,2.3,4,1,1,1,0,20
2.2,2.4,7,0.8,0.66,0,0,0
2.2,2.5,11,0.6,0.33,0,0,0
2.2,1798.6,15,0.5,0,0,0,0
2.2,3.1,4,1,1,1,0,2.5
2.2,5.01,4,1,1,1,0,20
2.2,7.1,4,1,1,1,0,2.5
2.2,7.2,7,0.6,0.66,0,0,0
2.2,7.3,9,0.6,0.66,0,0,0
2.2,11.1,4,0,0.66,0,0,0
2.2,11.2,4,0,0.66,0,0,0
2.2,13.1,11,0,0.66,0,0,0
2.2,13.2,15,0,0.33,0,0,0
2.2,17.1,11,0,0.66,0,0,0
2.2,17.2,15,0,0.33,0,0,0
2.2,19.1,17,0,0.33,0,0,0
2.2,23.1,17,0,0.33,0,0,0
2.3,2.01,7,0.8,0.66,0,0,0
2.3,2.2,4,1,1,1,0,20
2.3,2.4,3,1,1,1,0,20
2.3,2.5,10,0.8,0.66,0,0,0
2.3,1798.6,15,0.6,0.33,0,0,0
2.3,3.1,9,0,0.66,0,0,0
2.3,5.01,9,0,0.66,0,0,0
2.3,7.1,4,0,1,0,0,0
2.3,7.2,3,0,1,0,0,0
2.3,7.3,9,0,0.66,0,0,0
2.3,11.1,4,1,1,1,0,2.5
2.3,11.2,9,0.8,0.66,0,0,0
2.3,13.1,6,0,0.66,0,0,0
2.3,13.2,9,0,0.66,0,0,0
2.3,17.1,6,0,0.66,0,0,0
2.3,17.2,9,0,0.66,0,0,0
2.3,19.1,10,0,0.66,0,0,0
2.3,19.2,11,0,0.33,0,0,0
2.3,23.1,10,0,0.66,0,0,0
2.3,23.2,11,0,0.33,0,0,0
2.3,29.1,15,0,0.33,0,0,0
2.3,31.1,15,0,0.33,0,0,0
2.3,37.1,13,0,0.33,0,0,0
2.3,41.1,13,0,0.33,0,0,0
2.3,43.1,15,0,0.33,0,0,0
2.3,97.1,15,0,0.33,0,0,0
2.4,2.01,10,0.6,0.33,0,0,0
2.4,2.2,7,0.8,0.66,0,0,0
2.4,2.3,3,1,1,1,0,20
2.4,2.5,6,0.9,0.9,1,0,20
2.4,1798.6,9,0.6,0.33,0,0,0
2.4,3.1,10,0,0.66,0,0,0
2.4,5.01,10,0,0.66,0,0,0
2.4,7.1,7,0,0.66,0,0,0
2.4,7.2,4,1,1,1,0,2.5
2.4,7.3,9,0.8,0.66,0,0,0
2.4,11.1,5,0,0.66,0,0,0
2.4,11.2,9,0,0.66,0,0,0
2.4,13.1,4,1,1,1,0,2.5
2.4,13.2,7,0.8,0.66,0,0,0
2.4,17.1,4,1,1,1,0,2.5
2.4,17.2,7,0.8,0.66,0,0,0
2.4,19.1,7,0,0.66,0,0,0
2.4,19.2,9,0,0.66,0,0,0
2.4,23.1,7,0,0.66,0,0,0
2.4,23.2,9,0,0.66,0,0,0
2.4,29.1,12,0,0.33,0,0,0
2.4,31.1,12,0,0.33,0,0,0
2.4,37.1,9,0,0.66,0,0,0
2.4,41.1,9,0,0.66,0,0,0
2.4,43.1,12,0,0.33,0,0,0
2.4,97.1,12,0,0.33,0,0,0
2.4,101.1,14,0,0.33,0,0,0
2.4,163.1,14,0,0.33,0,0,0
2.4,167.1,14,0,0.33,0,0,0
2.5,2.01,14,0.5,0,0,0,0
2.5,2.2,11,0.6,0.33,0,0,0
2.5,2.3,10,0.8,0.66,0,0,0
2.5,2.4,6,0.9,0.9,1,0,20
2.5,1798.6,6,0.9,0.9,1,0,20
2.5,7.1,12,0,0.33,0,0,0
2.5,7.2,9,0,0.66,0,0,0
2.5,7.3,13,0,0.33,0,0,0
2.5,11.1,10,0,0.66,0,0,0
2.5,11.2,14,0,0.33,0,0,0
2.5,13.1,6,0,0.66,0,0,0
2.5,13.2,8,0,0.66,0,0,0
2.5,17.1,6,0,0.66,0,0,0
2.5,17.2,9,0,0.66,0,0,0
2.5,19.1,4,1,1,1,0,2.5
2.5,19.2,7,0.8,0.66,0,0,0
2.5,23.1,4,1,1,1,0,2.5
2.5,23.2,7,0.8,0.66,0,0,0
2.5,29.1,7,0,0.66,0,0,0
2.5,29.2,11,0,0.33,0,0,0
2.5,31.1,7,0,0.66,0,0,0
2.5,31.2,11,0,0.33,0,0,0
2.5,31.3,15,0,0.33,0,0,0
2.5,37.1,5,0,0.9,0,0,0
2.5,41.1,5,0,0.9,0,0,0
2.5,43.1,8,0,0.66,0,0,0
2.5,47.1,11,0,0.33,0,0,0
2.5,53.1,14,0,0.33,0,0,0
2.5,97.1,8,0,0.66,0,0,0
2.5,101.1,9,0,0.66,0,0,0
2.5,103.1,12,0,0.33,0,0,0
2.5,107.1,15,0,0.33,0,0,0
2.5,163.1,9,0,0.66,0,0,0
2.5,167.1,8,0,0.66,0,0,0
2.5,173.1,12,0,0.33,0,0,0
2.5,173.2,12,0,0.33,0,0,0
1798.6,2.01,18,0.4,0,0,0,0
1798.6,2.2,15,0.5,0,0,0,0
1798.6,2.3,15,0.6,0.33,0,0,0
1798.6,2.4,9,0.6,0.33,0,0,0
1798.6,2.5,6,0.9,0.9,1,0,20
1798.6,7.2,14,0,0.33,0,0,0
1798.6,13.1,10,0,0.33,0,0,0
1798.6,13.2,12,0,0.33,0,0,0
1798.6,17.1,10,0,0.33,0,0,0
1798.6,17.2,12,0,0.33,0,0,0
1798.6,19.1,6,0,0.66,0,0,0
1798.6,19.2,8,0,0.66,0,0,0
1798.6,23.1,6,0,0.66,0,0,0
1798.6,23.2,8,0,0.66,0,0,0
1798.6,29.1,4,1,1,1,0,20
1798.6,29.2,7,0,0.66,0,0,0
1798.6,29.3,11,0,0.33,0,0,0
1798.6,31.1,4,1,1,1,0,20
1798.6,31.2,7,0,0.66,0,0,0
1798.6,31.3,9,0,0.66,0,0,0
1798.6,31.4,14,0,0.33,0,0,0
1798.6,37.1,4,0,0.9,0,0,0
1798.6,41.1,3,0.8,0.9,0,0,0
1798.6,43.1,7,0,0.66,0,0,0
1798.6,47.1,8,0,0.66,0,0,0
1798.6,53.1,9,0,0.66,0,0,0
1798.6,59.1,12,0,0.33,0,0,0
1798.6,61.1,14,0,0.33,0,0,0
1798.6,97.1,7,0,0.66,0,0,0
1798.6,101.1,7,0,0.66,0,0,0
1798.6,103.1,8,0,0.66,0,0,0
1798.6,107.1,10,0,0.66,0,0,0
1798.6,109.1,12,0,0.33,0,0,0
1798.6,113.1,14,0,0.33,0,0,0
1798.6,163.1,4,0,0.9,0,0,0
1798.6,167.1,3,0,0.9,0,0,0
1798.6,173.1,7,0,0.33,0,0,0
1798.6,173.2,7,0,0.33,0,0,0
1798.6,179.1,11,0,0.33,0,0,0
1798.6,181.1,10,0,0.66,0,0,0
1798.6,191.1,15,0,0.33,0,0,0
1798.6,193.1,15,0,0.33,0,0,0
3.1,2.01,4,1,1,1,0,2.5
3.1,2.2,4,1,1,1,0,2.5
3.1,2.3,9,0,0.66,0,0,0
3.1,2.4,10,0,0.66,0,0,0
3.1,5.01,7,0.8,0.66,1,0,2.5
3.1,7.1,3,0,0.66,0,0,0
3.1,7.2,8,0,0.66,0,0,0
3.1,7.3,7,0,0.66,0,0,0
3.1,11.1,9,0,0.66,0,0,0
3.1,11.2,11,0,0.33,0,0,0
3.1,13.1,11,0,0.33,0,0,0
3.1,13.2,12,0,0.33,0,0,0
3.1,17.1,13,0,0.33,0,0,0
3.1,17.2,15,0,0.33,0,0,0
5.01,2.01,4,1,1,1,0,2.5
5.01,2.2,4,1,1,1,0,2.5
5.01,2.3,9,0,0.66,0,0,0
5.01,2.4,10,0,0.66,0,0,0
5.01,3.1,7,0.8,0.66,1,0,2.5
5.01,7.1,7,0,0.66,0,0,0
5.01,7.2,9,0,0.66,0,0,0
5.01,7.3,11,0,0.33,0,0,0
5.01,11.1,7,0,0.66,0,0,0
5.01,11.2,6,0,0.66,0,0,0
5.01,13.1,13,0,0.33,0,0,0
5.01,13.2,15,0,0.33,0,0,0
5.01,17.1,11,0,0.33,0,0,0
5.01,17.2,12,0,0.33,0,0,0
7.1,2.01,6,0,0.66,0,0,0
7.1,2.2,4,1,1,1,0,20
7.1,2.3,4,0,1,0,0,0
7.1,2.4,7,0,0.66,0,0,0
7.1,2.5,12,0,0.33,0,0,0
7.1,3.1,3,0,0.66,0,0,0
7.1,5.01,7,0,0.66,0,0,0
7.1,7.2,4,1,1,1,0,20
7.1,7.3,4,1,1,1,0,20
7.1,11.1,7,0,0.66,0,0,0
7.1,11.2,10,0,0.66,0,0,0
7.1,13.1,7,0,0.66,0,0,0
7.1,13.2,8,0,0.66,0,0,0
7.1,17.1,9,0,0.66,0,0,0
7.1,17.2,13,0,0.33,0,0,0
7.1,19.1,13,0,0.33,0,0,0
7.1,19.2,14,0,0.33,0,0,0
7.1,23.1,14,0,0.33,0,0,0
7.1,37.1,15,0,0.33,0,0,0
7.2,2.01,8,0,0.66,0,0,0
7.2,2.2,7,0.6,0.66,0,0,0
7.2,2.3,3,0,1,0,0,0
7.2,2.4,4,1,1,1,0,2.5
7.2,2.5,9,0,0.66,0,0,0
7.2,1798.6,14,0,0.33,0,0,0
7.2,3.1,8,0,0.66,0,0,0
7.2,5.01,9,0,0.66,0,0,0
7.2,7.1,4,1,1,1,0,20
7.2,7.3,5,1,1,1,0,20
7.2,11.1,7,0,0.66,0,0,0
7.2,11.2,11,0,0.33,0,0,0
7.2,13.1,4,0,0.66,0,0,0
7.2,13.2,6,0,0.66,0,0,0
7.2,17.1,13,0,0.66,0,0,0
7.2,17.2,16,0,0.33,0,0,0
7.2,19.1,8,0,0.66,0,0,0
7.2,19.2,9,0,0.66,0,0,0
7.2,23.1,10,0,0.33,0,0,0
7.2,23.2,13,0,0.33,0,0,0
7.2,29.1,14,0,0.33,0,0,0
7.2,31.1,16,0,0.66,0,0,0
7.2,37.1,11,0,0.33,0,0,0
7.2,41.1,13,0,0.33,0,0,0
7.2,43.1,13,0,0.33,0,0,0
7.2,97.1,16,0,0.33,0,0,0
7.3,2.01,8,0,0.66,0,0,0
7.3,2.2,9,0.6,0.66,0,0,0
7.3,2.3,9,0,0.66,0,0,0
7.3,2.4,9,0.8,0.66,0,0,0
7.3,2.5,13,0,0.33,0,0,0
7.3,3.1,7,0,0.66,0,0,0
7.3,5.01,11,0,0.33,0,0,0
7.3,7.1,4,1,1,1,0,20
7.3,7.2,5,1,1,1,0,20
7.3,11.1,11,0,0.33,0,0,0
7.3,11.2,14,0,0.33,0,0,0
7.3,13.1,8,0,0.66,0,0,0
7.3,13.2,7,0,0.66,0,0,0
7.3,17.1,12,0,0.33,0,0,0
7.3,17.2,16,0,0.33,0,0,0
7.3,19.1,12,0,0.33,0,0,0
7.3,19.2,11,0,0.33,0,0,0
7.3,23.1,15,0,0.33,0,0,0
7.3,37.1,14,0,0.33,0,0,0
7.3,43.1,15,0,0.33,0,0,0
11.1,2.01,8,0,0.66,0,0,0
11.1,2.2,4,0,0.66,0,0,0
11.1,2.3,4,1,1,1,0,2.5
11.1,2.4,5,0,0.66,0,0,0
11.1,2.5,10,0,0.66,0,0,0
11.1,3.1,9,0,0.66,0,0,0
11.1,5.01,7,0,0.66,0,0,0
11.1,7.1,7,0,0.66,0,0,0
11.1,7.2,7,0,0.66,0,0,0
11.1,7.3,11,0,0.33,0,0,0
11.1,11.2,4,1,0.66,1,0,20
11.1,13.1,8,0,0.66,0,0,0
11.1,13.2,11,0,0.33,0,0,0
11.1,17.1,5,0,0.66,0,0,0
11.1,17.2,7,0,0.66,0,0,0
11.1,19.1,12,0,0.33,0,0,0
11.1,19.2,15,0,0.33,0,0,0
11.1,23.1,10,0,0.66,0,0,0
11.1,23.2,11,0,0.66,0,0,0
11.1,31.1,15,0,0.33,0,0,0
11.1,37.1,14,0,0.33,0,0,0
11.1,41.1,13,0,0.33,0,0,0
11.1,97.1,13,0,0.33,0,0,0
11.2,2.01,8,0,0.66,0,0,0
11.2,2.2,4,0,0.66,0,0,0
11.2,2.3,9,0.8,0.66,0,0,0
11.2,2.4,9,0,0.66,0,0,0
11.2,2.5,14,0,0.33,0,0,0
11.2,3.1,11,0,0.33,0,0,0
11.2,5.01,6,0,0.66,0,0,0
11.2,7.1,10,0,0.66,0,0,0
11.2,7.2,11,0,0.33,0,0,0
11.2,7.3,14,0,0.33,0,0,0
11.2,11.1,4,1,0.66,1,0,20
11.2,13.1,13,0,0.66,0,0,0
11.2,13.2,16,0,0.66,0,0,0
11.2,17.1,8,0,0.33,0,0,0
11.2,17.2,7,0,0.33,0,0,0
11.2,19.1,16,0,0.66,0,0,0
11.2,23.1,13,0,0.66,0,0,0
11.2,23.2,12,0,0.66,0,0,0
11.2,41.1,16,0,0.66,0,0,0
11.2,97.1,16,0,0.66,0,0,0
13.1,2.01,9,0,0.33,0,0,0
13.1,2.2,11,0,0.66,0,0,0
13.1,2.3,6,0,0.66,0,0,0
13.1,2.4,4,1,1,1,0,2.5
13.1,2.5,6,0,0.66,0,0,0
13.1,1798.6,10,0,0.33,0,0,0
13.1,3.1,11,0,0.33,0,0,0
13.1,5.01,13,0,0.33,0,0,0
13.1,7.1,7,0,0.66,0,0,0
13.1,7.2,4,0,0.66,0,0,0
13.1,7.3,8,0,0.66,0,0,0
13.1,11.1,8,0,0.66,0,0,0
13.1,11.2,13,0,0.66,0,0,0
13.1,13.2,4,1,1,1,0,20
13.1,17.1,7,0,0.66,0,0,0
13.1,17.2,10,0,0.66,0,0,0
13.1,19.1,5,0,0.66,0,0,0
13.1,19.2,7,0,0.66,0,0,0
13.1,23.1,8,0,0.66,0,0,0
13.1,23.2,11,0,0.66,0,0,0
13.1,29.1,10,0,0.66,0,0,0
13.1,29.2,15,0,0.66,0,0,0
13.1,31.1,13,0,0.33,0,0,0
13.1,37.1,7,0,0.66,0,0,0
13.1,41.1,9,0,0.66,0,0,0
13.1,43.1,9,0,0.66,0,0,0
13.1,47.1,13,0,0.33,0,0,0
13.1,97.1,13,0,0.33,0,0,0
13.1,101.1,14,0,0.33,0,0,0
13.1,163.1,14,0,0.33,0,0,0
13.1,167.1,14,0,0.33,0,0,0
13.2,2.01,10,0,0.33,0,0,0
13.2,2.2,15,0,0.33,0,0,0
13.2,2.3,9,0,0.66,0,0,0
13.2,2.4,7,0.8,0.66,0,0,0
13.2,2.5,8,0,0.66,0,0,0
13.2,1798.6,12,0,0.33,0,0,0
13.2,3.1,12,0,0.33,0,0,0
13.2,5.01,15,0,0.33,0,0,0
13.2,7.1,8,0,0.66,0,0,0
13.2,7.2,6,0,0.66,0,0,0
13.2,7.3,7,0,0.66,0,0,0
13.2,11.1,11,0,0.33,0,0,0
13.2,11.2,16,0,0.66,0,0,0
13.2,13.1,4,1,1,1,0,20
13.2,17.1,10,0,0.66,0,0,0
13.2,17.2,14,0,0.66,0,0,0
13.2,19.1,6,0,0.66,0,0,0
13.2,19.2,5,0,0.66,0,0,0
13.2,23.1,11,0,0.33,0,0,0
13.2,23.2,15,0,0.33,0,0,0
13.2,29.1,10,0,0.66,0,0,0
13.2,29.2,15,0,0.33,0,0,0
13.2,31.1,15,0,0.33,0,0,0
13.2,37.1,8,0,0.66,0,0,0
13.2,41.1,11,0,0.33,0,0,0
13.2,43.1,8,0,0.66,0,0,0
13.2,47.1,13,0,0.33,0,0,0
13.2,163.1,14,0,0.33,0,0,0
13.2,167.1,16,0,0.33,0,0,0
17.1,2.01,9,0,0.33,0,0,0
17.1,2.2,11,0,0.66,0,0,0
17.1,2.3,6,0,0.66,0,0,0
17.1,2.4,4,1,1,1,0,2.5
17.1,2.5,6,0,0.66,0,0,0
17.1,1798.6,10,0,0.33,0,0,0
17.1,3.1,13,0,0.33,0,0,0
17.1,5.01,11,0,0.33,0,0,0
17.1,7.1,9,0,0.66,0,0,0
17.1,7.2,13,0,0.66,0,0,0
17.1,7.3,12,0,0.33,0,0,0
17.1,11.1,5,0,0.66,0,0,0
17.1,11.2,8,0,0.33,0,0,0
17.1,13.1,7,0,0.66,0,0,0
17.1,13.2,10,0,0.66,0,0,0
17.1,17.2,4,1,1,1,0,20
17.1,19.1,8,0,0.66,0,0,0
17.1,19.2,11,0,0.33,0,0,0
17.1,23.1,5,0,0.66,0,0,0
17.1,23.2,6,0,0.66,0,0,0
17.1,29.1,13,0,0.33,0,0,0
17.1,31.1,10,0,0.66,0,0,0
17.1,31.2,15,0,0.33,0,0,0
17.1,37.1,9,0,0.66,0,0,0
17.1,41.1,8,0,0.66,0,0,0
17.1,43.1,13,0,0.33,0,0,0
17.1,97.1,8,0,0.66,0,0,0
17.1,101.1,11,0,0.33,0,0,0
17.1,103.1,14,0,0.33,0,0,0
17.1,163.1,15,0,0.33,0,0,0
17.1,167.1,13,0,0.33,0,0,0
17.2,2.01,10,0,0.33,0,0,0
17.2,2.2,15,0,0.33,0,0,0
17.2,2.3,9,0,0.66,0,0,0
17.2,2.4,7,0.8,0.66,0,0,0
17.2,2.5,9,0,0.66,0,0,0
17.2,1798.6,12,0,0.33,0,0,0
17.2,3.1,15,0,0.33,0,0,0
17.2,5.01,12,0,0.33,0,0,0
17.2,7.1,13,0,0.33,0,0,0
17.2,7.2,16,0,0.33,0,0,0
17.2,7.3,16,0,0.33,0,0,0
17.2,11.1,7,0,0.66,0,0,0
17.2,11.2,7,0,0.33,0,0,0
17.2,13.1,10,0,0.66,0,0,0
17.2,13.2,14,0,0.66,0,0,0
17.2,17.1,4,1,1,1,0,20
17.2,19.1,11,0,0.33,0,0,0
17.2,19.2,15,0,0.33,0,0,0
17.2,23.1,7,0,0.66,0,0,0
17.2,23.2,5,0,0.66,0,0,0
17.2,29.1,15,0,0.33,0,0,0
17.2,31.1,10,0,0.66,0,0,0
17.2,37.1,12,0,0.33,0,0,0
17.2,41.1,9,0,0.66,0,0,0
17.2,97.1,8,0,0.66,0,0,0
17.2,101.1,10,0,0.66,0,0,0
17.2,103.1,14,0,0.33,0,0,0
17.2,167.1,14,0,0.33,0,0,0
19.1,2.2,17,0,0.33,0,0,0
19.1,2.3,10,0,0.66,0,0,0
19.1,2.4,7,0,0.66,0,0,0
19.1,2.5,4,1,1,1,0,2.5
19.1,1798.6,6,0,0.66,0,0,0
19.1,7.1,13,0,0.33,0,0,0
19.1,7.2,8,0,0.66,0,0,0
19.1,7.3,12,0,0.33,0,0,0
19.1,11.1,12,0,0.33,0,0,0
19.1,11.2,16,0,0.66,0,0,0
19.1,13.1,5,0,0.66,0,0,0
19.1,13.2,6,0,0.66,0,0,0
19.1,17.1,8,0,0.66,0,0,0
19.1,17.2,11,0,0.33,0,0,0
19.1,19.2,4,1,1,1,0,20
19.1,23.1,6,0.6,0.66,0,0,0
19.1,23.2,9,0.4,0.66,0,0,0
19.1,29.1,6,0,0.66,0,0,0
19.1,29.2,10,0,0.66,0,0,0
19.1,31.1,8,0,0.66,0,0,0
19.1,31.2,13,0,0.33,0,0,0
19.1,37.1,3,0,0.66,0,0,0
19.1,41.1,6,0,0.66,0,0,0
19.1,43.1,6,0,0.66,0,0,0
19.1,47.1,9,0,0.66,0,0,0
19.1,53.1,13,0,0.33,0,0,0
19.1,97.1,10,0,0.66,0,0,0
19.1,101.1,11,0,0.33,0,0,0
19.1,103.1,13,0,0.33,0,0,0
19.1,163.1,8,0,0.66,0,0,0
19.1,167.1,9,0,0.66,0,0,0
19.1,173.1,12,0,0.33,0,0,0
19.1,173.2,13,0,0.33,0,0,0
19.2,2.3,11,0,0.33,0,0,0
19.2,2.4,9,0,0.66,0,0,0
19.2,2.5,7,0.8,0.66,0,0,0
19.2,1798.6,8,0,0.66,0,0,0
19.2,7.1,14,0,0.33,0,0,0
19.2,7.2,9,0,0.66,0,0,0
19.2,7.3,11,0,0.33,0,0,0
19.2,11.1,15,0,0.33,0,0,0
19.2,13.1,7,0,0.66,0,0,0
19.2,13.2,5,0,0.66,0,0,0
19.2,17.1,11,0,0.33,0,0,0
19.2,17.2,15,0,0.33,0,0,0
19.2,19.1,4,1,1,1,0,20
19.2,23.1,10,0.5,0.66,0,0,0
19.2,23.2,14,0.3,0.33,0,0,0
19.2,29.1,6,0,0.66,0,0,0
19.2,29.2,10,0,0.66,0,0,0
19.2,31.1,13,0,0.33,0,0,0
19.2,37.1,5,0,0.66,0,0,0
19.2,41.1,9,0,0.66,0,0,0
19.2,43.1,4,0,0.66,0,0,0
19.2,47.1,8,0,0.66,0,0,0
19.2,53.1,11,0,0.33,0,0,0
19.2,59.1,15,0,0.33,0,0,0
19.2,97.1,15,0,0.33,0,0,0
19.2,101.1,15,0,0.33,0,0,0
19.2,163.1,10,0,0.66,0,0,0
19.2,167.1,13,0,0.33,0,0,0
19.2,173.1,13,0,0.33,0,0,0
19.2,173.2,15,0,0.33,0,0,0
23.1,2.2,17,0,0.33,0,0,0
23.1,2.3,10,0,0.66,0,0,0
23.1,2.4,7,0,0.66,0,0,0
23.1,2.5,4,1,1,1,0,2.5
23.1,1798.6,6,0,0.66,0,0,0
23.1,7.1,14,0,0.33,0,0,0
23.1,7.2,10,0,0.33,0,0,0
23.1,7.3,15,0,0.33,0,0,0
23.1,11.1,10,0,0.66,0,0,0
23.1,11.2,13,0,0.66,0,0,0
23.1,13.1,8,0,0.66,0,0,0
23.1,13.2,11,0,0.33,0,0,0
23.1,17.1,5,0,0.66,0,0,0
23.1,17.2,7,0,0.66,0,0,0
23.1,19.1,6,0.6,0.66,0,0,0
23.1,19.2,10,0.5,0.66,0,0,0
23.1,23.2,4,1,1,1,0,20
23.1,29.1,8,0,0.66,0,0,0
23.1,29.2,12,0,0.33,0,0,0
23.1,31.1,6,0,0.66,0,0,0
23.1,31.2,10,0,0.66,0,0,0
23.1,31.3,14,0,0.33,0,0,0
23.1,37.1,7,0,0.66,0,0,0
23.1,41.1,3,0,0.8,0,0,0
23.1,43.1,10,0,0.66,0,0,0
23.1,47.1,13,0,0.33,0,0,0
23.1,53.1,15,0,0.33,0,0,0
23.1,97.1,5,0,0.66,0,0,0
23.1,101.1,7,0,0.66,0,0,0
23.1,103.1,9,0,0.66,0,0,0
23.1,107.1,13,0,0.33,0,0,0
23.1,163.1,9,0,0.66,0,0,0
23.1,167.1,8,0,0.66,0,0,0
23.1,173.1,12,0,0.33,0,0,0
23.1,173.2,13,0,0.33,0,0,0
23.2,2.3,11,0,0.33,0,0,0
23.2,2.4,9,0,0.66,0,0,0
23.2,2.5,7,0.8,0.66,0,0,0
23.2,1798.6,8,0,0.66,0,0,0
23.2,7.2,13,0,0.33,0,0,0
23.2,11.1,11,0,0.66,0,0,0
23.2,11.2,12,0,0.66,0,0,0
23.2,13.1,11,0,0.66,0,0,0
23.2,13.2,15,0,0.33,0,0,0
23.2,17.1,6,0,0.66,0,0,0
23.2,17.2,5,0,0.66,0,0,0
23.2,19.1,9,0.4,0.66,0,0,0
23.2,19.2,14,0.3,0.33,0,0,0
23.2,23.1,4,1,1,1,0,20
23.2,29.1,12,0,0.33,0,0,0
23.2,29.2,15,0,0.33,0,0,0
23.2,31.1,6,0,0.66,0,0,0
23.2,31.2,10,0,0.66,0,0,0
23.2,31.3,14,0,0.33,0,0,0
23.2,37.1,9,0,0.66,0,0,0
23.2,41.1,6,0,0.66,0,0,0
23.2,43.1,14,0,0.33,0,0,0
23.2,97.1,3,0,0.8,0,0,0
23.2,101.1,6,0,0.66,0,0,0
23.2,103.1,9,0,0.66,0,0,0
23.2,107.1,13,0,0.33,0,0,0
23.2,109.1,15,0,0.33,0,0,0
23.2,163.1,13,0,0.33,0,0,0
23.2,167.1,9,0,0.66,0,0,0
23.2,173.1,15,0,0.33,0,0,0
23.2,173.2,13,0,0.33,0,0,0
29.1,2.3,15,0,0.33,0,0,0
29.1,2.4,12,0,0.33,0,0,0
29.1,2.5,7,0,0.66,0,0,0
29.1,1798.6,4,1,1,1,0,20
29.1,7.2,14,0,0.33,0,0,0
29.1,13.1,10,0,0.66,0,0,0
29.1,13.2,10,0,0.66,0,0,0
29.1,17.1,13,0,0.33,0,0,0
29.1,17.2,15,0,0.33,0,0,0
29.1,19.1,6,0,0.66,0,0,0
29.1,19.2,6,0,0.66,0,0,0
29.1,23.1,8,0,0.66,0,0,0
29.1,23.2,12,0,0.33,0,0,0
29.1,29.2,5,1,1,1,0,20
29.1,29.3,10,0.8,0.8,0,0,0
29.1,29.4,17,0.7,0.5,0,0,0
29.1,29.5,21,0.6,0.2,0,0,0
29.1,29.6,24,0.5,0.1,0,0,0
29.1,31.1,8,0.8,0.66,0,0,0
29.1,31.2,10,0,0.66,0,0,0
29.1,31.3,13,0,0.33,0,0,0
29.1,37.1,3,1,1,1,0,2.5
29.1,41.1,7,0,0.66,0,0,0
29.1,43.1,3,1,0.8,1,0,2.5
29.1,47.1,4,0,0.66,0,0,0
29.1,53.1,7,0,0.66,0,0,0
29.1,59.1,10,0,0.66,0,0,0
29.1,61.1,13,0,0.33,0,0,0
29.1,97.1,11,0,0.33,0,0,0
29.1,101.1,11,0,0.33,0,0,0
29.1,103.1,12,0,0.33,0,0,0
29.1,107.1,13,0,0.33,0,0,0
29.1,163.1,5,0,0.66,0,0,0
29.1,167.1,7,0,0.66,0,0,0
29.1,173.1,7,0,0.66,0,0,0
29.1,173.2,9,0,0.66,0,0,0
29.1,179.1,12,0,0.33,0,0,0
29.1,181.1,12,0,0.33,0,0,0
29.2,2.5,11,0,0.33,0,0,0
29.2,1798.6,7,0,0.66,0,0,0
29.2,13.1,15,0,0.66,0,0,0
29.2,13.2,15,0,0.33,0,0,0
29.2,19.1,10,0,0.66,0,0,0
29.2,19.2,10,0,0.66,0,0,0
29.2,23.1,12,0,0.33,0,0,0
29.2,23.2,15,0,0.33,0,0,0
29.2,29.1,5,1,1,1,0,20
29.2,29.3,5,1,1,1,0,20
29.2,29.4,12,0.8,0.8,0,0,0
29.2,29.5,17,0.7,0.5,0,0,0
29.2,29.6,20,0.6,0.4,0,0,0
29.2,31.1,9,0,0.66,0,0,0
29.2,31.2,9,0,0.66,0,0,0
29.2,31.3,9,0,0.66,0,0,0
29.2,31.4,11,0,0.33,0,0,0
29.2,31.5,15,0,0.33,0,0,0
29.2,37.1,8,0,0.66,0,0,0
29.2,41.1,9,0,0.66,0,0,0
29.2,43.1,8,0,0.66,0,0,0
29.2,47.1,4,1,0.8,1,0,2.5
29.2,53.1,4,1,0.8,1,0,2.5
29.2,59.1,6,0,0.66,0,0,0
29.2,61.1,8,0,0.66,0,0,0
29.2,67.1,11,0,0.33,0,0,0
29.2,71.1,13,0,0.33,0,0,0
29.2,97.1,13,0,0.33,0,0,0
29.2,101.1,12,0,0.33,0,0,0
29.2,103.1,11,0,0.33,0,0,0
29.2,107.1,11,0,0.33,0,0,0
29.2,109.1,12,0,0.33,0,0,0
29.2,113.1,13,0,0.33,0,0,0
29.2,127.1,14,0,0.33,0,0,0
29.2,163.1,4,1,0.8,1,0,2.5
29.2,167.1,7,0,0.66,0,0,0
29.2,173.1,4,1,0.8,1,0,2.5
29.2,173.2,6,0,0.66,0,0,0
29.2,179.1,7,0,0.66,0,0,0
29.2,181.1,8,0,0.66,0,0,0
29.2,191.1,11,0,0.33,0,0,0
29.2,193.1,12,0,0.33,0,0,0
29.2,197.1,14,0,0.33,0,0,0
29.3,1798.6,11,0,0.33,0,0,0
29.3,29.1,10,0.8,0.8,0,0,0
29.3,29.2,5,1,1,1,0,20
29.3,29.4,7,1,0.66,1,0,20
29.3,29.5,11,0.8,0.33,0,0,0
29.3,29.6,15,0.7,0.33,0,0,0
29.3,31.1,14,0,0.33,0,0,0
29.3,31.2,10,0,0.66,0,0,0
29.3,31.3,9,0,0.66,0,0,0
29.3,31.4,9,0,0.66,0,0,0
29.3,31.5,11,0,0.33,0,0,0
29.3,31.6,15,0,0.33,0,0,0
29.3,37.1,13,0,0.33,0,0,0
29.3,41.1,14,0,0.33,0,0,0
29.3,43.1,12,0,0.33,0,0,0
29.3,47.1,8,0,0.66,0,0,0
29.3,53.1,5,0,0.66,0,0,0
29.3,59.1,4,1,0.8,1,0,2.5
29.3,61.1,4,1,0.8,1,0,2.5
29.3,67.1,6,0,0.66,0,0,0
29.3,71.1,8,0,0.66,0,0,0
29.3,73.1,10,0,0.66,0,0,0
29.3,79.1,13,0,0.33,0,0,0
29.3,83.1,14,0,0.33,0,0,0
29.3,101.1,15,0,0.33,0,0,0
29.3,103.1,13,0,0.33,0,0,0
29.3,107.1,12,0,0.33,0,0,0
29.3,109.1,12,0,0.33,0,0,0
29.3,113.1,12,0,0.33,0,0,0
29.3,127.1,13,0,0.33,0,0,0
29.3,131.1,13,0,0.33,0,0,0
29.3,137.1,14,0,0.33,0,0,0
29.3,163.1,8,0,0.66,0,0,0
29.3,167.1,9,0,0.66,0,0,0
29.3,173.1,5,0,0.66,0,0,0
29.3,173.2,8,0,0.66,0,0,0
29.3,179.1,6,1,0.66,1,0,2.5
29.3,181.1,8,0,0.66,0,0,0
29.3,191.1,6,0,0.66,0,0,0
29.3,193.1,8,0,0.66,0,0,0
29.3,197.1,9,0,0.66,0,0,0
29.3,197.2,11,0,0.33,0,0,0
29.3,204073.1,13,0,0.33,0,0,0
29.4,29.1,17,0.7,0.5,0,0,0
29.4,29.2,12,0.8,0.8,0,0,0
29.4,29.3,7,1,0.66,1,0,20
29.4,29.5,5,1,1,1,0,20
29.4,29.6,8,0,0.66,0,0,0
29.4,31.2,15,0,0.33,0,0,0
29.4,31.3,12,0,0.33,0,0,0
29.4,31.4,10,0,0.66,0,0,0
29.4,31.5,9,0,0.66,0,0,0
29.4,31.6,10,0,0.66,0,0,0
29.4,31.7,13,0,0.33,0,0,0
29.4,47.1,14,0,0.33,0,0,0
29.4,53.1,11,0,0.33,0,0,0
29.4,59.1,8,0,0.66,0,0,0
29.4,61.1,5,0,0.66,0,0,0
29.4,67.1,4,1,1,1,0,2.5
29.4,71.1,4,1,1,1,0,2.5
29.4,73.1,4,0,0.8,0,0,0
29.4,79.1,6,0,0.66,0,0,0
29.4,83.1,8,0,0.66,0,0,0
29.4,89.1,10,0,0.66,0,0,0
29.4,107.1,15,0,0.33,0,0,0
29.4,109.1,13,0,0.33,0,0,0
29.4,113.1,12,0,0.33,0,0,0
29.4,127.1,12,0,0.33,0,0,0
29.4,131.1,12,0,0.33,0,0,0
29.4,137.1,12,0,0.33,0,0,0
29.4,139.1,12,0,0.33,0,0,0
29.4,149.1,13,0,0.33,0,0,0
29.4,151.1,14,0,0.33,0,0,0
29.4,163.1,13,0,0.33,0,0,0
29.4,173.1,10,0,0.66,0,0,0
29.4,173.2,12,0,0.33,0,0,0
29.4,179.1,7,0,0.66,0,0,0
29.4,181.1,8,0,0.66,0,0,0
29.4,191.1,4,1,1,1,0,2.5
29.4,193.1,7,0,0.66,0,0,0
29.4,197.1,4,1,1,1,0,2.5
29.4,197.2,7,0,0.66,0,0,0
29.4,204073.1,7,0,0.66,0,0,0
29.4,211.1,8,0,0.66,0,0,0
29.4,223.1,11,0,0.33,0,0,0
29.4,227.01,14,0,0.33,0,0,0
29.5,29.1,21,0.6,0.2,0,0,0
29.5,29.2,17,0.7,0.5,0,0,0
29.5,29.3,11,0.8,0.33,0,0,0
29.5,29.4,5,1,1,1,0,20
29.5,29.6,4,1,0.8,1,0,20
29.5,31.4,12,0,0.33,0,0,0
29.5,31.5,10,0,0.66,0,0,0
29.5,31.6,9,0,0.66,0,0,0
29.5,31.7,10,0,0.66,0,0,0
29.5,53.1,15,0,0.33,0,0,0
29.5,59.1,11,0,0.33,0,0,0
29.5,61.1,9,0,0.66,0,0,0
29.5,67.1,7,0,0.66,0,0,0
29.5,71.1,5,0,0.66,0,0,0
29.5,73.1,4,1,0.8,1,1,2.5
29.5,79.1,4,1,0.8,1,1,2.5
29.5,83.1,4,0,0.8,0,0,0
29.5,89.1,6,0,0.66,0,0,0
29.5,113.1,15,0,0.33,0,0,0
29.5,127.1,14,0,0.33,0,0,0
29.5,131.1,13,0,0.33,0,0,0
29.5,137.1,12,0,0.33,0,0,0
29.5,139.1,11,0,0.33,0,0,0
29.5,149.1,11,0,0.33,0,0,0
29.5,151.1,12,0,0.33,0,0,0
29.5,157.1,13,0,0.33,0,0,0
29.5,173.1,15,0,0.33,0,0,0
29.5,179.1,10,0,0.66,0,0,0
29.5,181.1,13,0,0.33,0,0,0
29.5,191.1,7,0,0.66,0,0,0
29.5,193.1,9,0,0.66,0,0,0
29.5,197.1,4,0,0.8,0,0,0
29.5,197.2,7,0,0.66,0,0,0
29.5,204073.1,4,1,0.8,1,0,20
29.5,211.1,4,0,0.8,0,0,0
29.5,223.1,8,0,0.66,0,0,0
29.5,227.01,9,0,0.66,0,0,0
29.6,29.1,24,0.5,0.1,0,0,0
29.6,29.2,20,0.6,0.4,0,0,0
29.6,29.3,15,0.7,0.33,0,0,0
29.6,29.4,8,0,0.66,0,0,0
29.6,29.5,4,1,0.8,1,0,20
29.6,31.5,13,0,0.33,0,0,0
29.6,31.6,10,0,0.66,0,0,0
29.6,31.7,9,0,0.66,0,0,0
29.6,59.1,15,0,0.33,0,0,0
29.6,61.1,13,0,0.33,0,0,0
29.6,67.1,10,0,0.66,0,0,0
29.6,71.1,8,0,0.66,0,0,0
29.6,73.1,6,0,0.66,0,0,0
29.6,79.1,4,0,0.8,0,0,0
29.6,83.1,4,1,0.8,1,1,2.5
29.6,89.1,4,1,0.8,1,1,2.5
29.6,131.1,15,0,0.33,0,0,0
29.6,137.1,14,0,0.33,0,0,0
29.6,139.1,13,0,0.33,0,0,0
29.6,149.1,12,0,0.33,0,0,0
29.6,151.1,12,0,0.33,0,0,0
29.6,157.1,12,0,0.33,0,0,0
29.6,179.1,14,0,0.33,0,0,0
29.6,191.1,10,0,0.66,0,0,0
29.6,193.1,12,0,0.33,0,0,0
29.6,197.1,7,0,0.66,0,0,0
29.6,197.2,9,0,0.66,0,0,0
29.6,204073.1,6,0,0.66,0,0,0
29.6,211.1,4,0,0.8,0,0,0
29.6,223.1,7,0,0.66,0,0,0
29.6,227.01,7,0,0.33,0,0,0
31.1,2.3,15,0,0.33,0,0,0
31.1,2.4,12,0,0.33,0,0,0
31.1,2.5,7,0,0.66,0,0,0
31.1,1798.6,4,1,1,1,0,20
31.1,7.2,16,0,0.66,0,0,0
31.1,11.1,15,0,0.33,0,0,0
31.1,13.1,13,0,0.33,0,0,0
31.1,13.2,15,0,0.33,0,0,0
31.1,17.1,10,0,0.66,0,0,0
31.1,17.2,10,0,0.66,0,0,0
31.1,19.1,8,0,0.66,0,0,0
31.1,19.2,13,0,0.33,0,0,0
31.1,23.1,6,0,0.66,0,0,0
31.1,23.2,6,0,0.66,0,0,0
31.1,29.1,8,0.8,0.66,0,0,0
31.1,29.2,9,0,0.66,0,0,0
31.1,29.3,14,0,0.33,0,0,0
31.1,31.2,6,1,1,1,0,20
31.1,31.3,8,0.8,0.8,0,0,0
31.1,31.4,13,0.7,0.6,0,0,0
31.1,31.5,17,0.6,0.6,0,0,0
31.1,31.6,21,0.5,0.5,0,0,0
31.1,31.7,24,0.4,0.4,0,0,0
31.1,37.1,8,0,0.66,0,0,0
31.1,41.1,4,1,0.8,1,0,2.5
31.1,43.1,11,0,0.33,0,0,0
31.1,47.1,12,0,0.33,0,0,0
31.1,53.1,13,0,0.33,0,0,0
31.1,97.1,4,1,1,1,0,2.5
31.1,101.1,4,1,1,1,0,2.5
31.1,103.1,4,0,0.8,0,0,0
31.1,107.1,8,0,0.66,0,0,0
31.1,109.1,10,0,0.66,0,0,0
31.1,113.1,13,0,0.33,0,0,0
31.1,127.1,14,0,0.33,0,0,0
31.1,163.1,8,0,0.66,0,0,0
31.1,167.1,4,0,0.8,0,0,0
31.1,173.1,9,0,0.66,0,0,0
31.1,173.2,7,0,0.66,0,0,0
31.1,179.1,14,0,0.33,0,0,0
31.1,181.1,11,0,0.33,0,0,0
31.2,2.5,11,0,0.33,0,0,0
31.2,1798.6,7,0,0.66,0,0,0
31.2,17.1,15,0,0.33,0,0,0
31.2,19.1,13,0,0.33,0,0,0
31.2,23.1,10,0,0.66,0,0,0
31.2,23.2,10,0,0.66,0,0,0
31.2,29.1,10,0,0.66,0,0,0
31.2,29.2,9,0,0.66,0,0,0
31.2,29.3,10,0,0.66,0,0,0
31.2,29.4,15,0,0.33,0,0,0
31.2,31.1,6,1,1,1,0,20
31.2,31.3,4,1,1,1,0,20
31.2,31.4,8,0.8,0.8,0,0,0
31.2,31.5,11,0.6,0.7,0,0,0
31.2,31.6,17,0.6,0.5,0,0,0
31.2,31.7,20,0.5,0.5,0,0,0
31.2,37.1,10,0,0.66,0,0,0
31.2,41.1,8,0,0.66,0,0,0
31.2,43.1,13,0,0.33,0,0,0
31.2,47.1,12,0,0.33,0,0,0
31.2,53.1,12,0,0.33,0,0,0
31.2,59.1,13,0,0.33,0,0,0
31.2,61.1,14,0,0.33,0,0,0
31.2,97.1,8,0,0.66,0,0,0
31.2,101.1,6,0,0.66,0,0,0
31.2,103.1,4,1,0.8,1,0,2.5
31.2,107.1,4,1,1,1,0,2.5
31.2,109.1,6,0,1,0,0,0
31.2,113.1,8,0,0.66,0,0,0
31.2,127.1,9,0,0.66,0,0,0
31.2,131.1,11,0,0.33,0,0,0
31.2,137.1,13,0,0.33,0,0,0
31.2,163.1,8,0,0.66,0,0,0
31.2,167.1,4,1,1,1,0,2.5
31.2,173.1,8,0,0.66,0,0,0
31.2,173.2,4,1,1,1,0,2.5
31.2,179.1,9,0,0.66,0,0,0
31.2,181.1,6,0,0.66,0,0,0
31.2,191.1,12,0,0.33,0,0,0
31.2,193.1,10,0,0.66,0,0,0
31.2,197.2,14,0,0.33,0,0,0
31.3,1798.6,9,0,0.66,0,0,0
31.3,23.1,14,0,0.33,0,0,0
31.3,23.2,14,0,0.33,0,0,0
31.3,29.1,13,0,0.33,0,0,0
31.3,29.2,9,0,0.66,0,0,0
31.3,29.3,9,0,0.66,0,0,0
31.3,29.4,12,0,0.33,0,0,0
31.3,31.1,8,0.8,0.8,0,0,0
31.3,31.2,4,1,1,1,0,20
31.3,31.4,4,1,1,1,0,20
31.3,31.5,8,0.8,0.66,0,0,0
31.3,31.6,13,0.7,0.33,0,0,0
31.3,31.7,17,0.6,0.33,0,0,0
31.3,37.1,13,0,0.33,0,0,0
31.3,41.1,11,0,0.33,0,0,0
31.3,43.1,15,0,0.33,0,0,0
31.3,47.1,13,0,0.33,0,0,0
31.3,53.1,12,0,0.33,0,0,0
31.3,59.1,12,0,0.33,0,0,0
31.3,61.1,12,0,0.33,0,0,0
31.3,67.1,13,0,0.33,0,0,0
31.3,71.1,15,0,0.33,0,0,0
31.3,97.1,11,0,0.33,0,0,0
31.3,101.1,9,0,0.66,0,0,0
31.3,103.1,6,0,0.66,0,0,0
31.3,107.1,4,0,0.8,0,0,0
31.3,109.1,4,0,0.8,0,0,0
31.3,113.1,4,0,0.8,0,0,0
31.3,127.1,6,0,0.66,0,0,0
31.3,131.1,8,0,0.66,0,0,0
31.3,137.1,9,0,0.66,0,0,0
31.3,139.1,12,0,0.33,0,0,0
31.3,149.1,14,0,0.33,0,0,0
31.3,163.1,8,0,0.66,0,0,0
31.3,167.1,7,0,0.66,0,0,0
31.3,173.1,7,0,0.66,0,0,0
31.3,173.2,4,0,0.8,0,0,0
31.3,179.1,7,0,0.66,0,0,0
31.3,181.1,4,0,0.8,0,0,0
31.3,191.1,9,0,0.66,0,0,0
31.3,193.1,7,0,0.66,0,0,0
31.3,197.1,13,0,0.33,0,0,0
31.3,197.2,11,0,0.33,0,0,0
31.3,204073.1,15,0,0.33,0,0,0
31.4,1798.6,14,0,0.33,0,0,0
31.4,29.2,11,0,0.33,0,0,0
31.4,29.3,9,0,0.66,0,0,0
31.4,29.4,10,0,0.66,0,0,0
31.4,29.5,12,0,0.33,0,0,0
31.4,31.1,13,0.7,0.6,0,0,0
31.4,31.2,8,0.8,0.8,0,0,0
31.4,31.3,4,1,1,1,0,20
31.4,31.5,4,1,1,1,0,20
31.4,31.6,9,0.8,0.66,0,0,0
31.4,31.7,13,0.7,0.33,0,0,0
31.4,41.1,15,0,0.33,0,0,0
31.4,47.1,15,0,0.33,0,0,0
31.4,53.1,16,0,0.33,0,0,0
31.4,59.1,12,0,0.33,0,0,0
31.4,61.1,12,0,0.33,0,0,0
31.4,67.1,12,0,0.33,0,0,0
31.4,71.1,13,0,0.33,0,0,0
31.4,73.1,14,0,0.33,0,0,0
31.4,97.1,15,0,0.33,0,0,0
31.4,101.1,12,0,0.33,0,0,0
31.4,103.1,8,0,0.66,0,0,0
31.4,107.1,6,0,0.66,0,0,0
31.4,109.1,4,1,1,1,0,2.5
31.4,113.1,4,1,1,1,0,2.5
31.4,127.1,4,1,1,1,1,2.5
31.4,131.1,5,0,0.66,0,0,0
31.4,137.1,7,0,0.66,0,0,0
31.4,139.1,8,0,0.66,0,0,0
31.4,149.1,10,0,0.66,0,0,0
31.4,151.1,12,0,0.33,0,0,0
31.4,157.1,15,0,0.33,0,0,0
31.4,163.1,11,0,0.33,0,0,0
31.4,167.1,10,0,0.66,0,0,0
31.4,173.1,8,0,0.66,0,0,0
31.4,173.2,7,0,0.66,0,0,0
31.4,179.1,8,0,0.66,0,0,0
31.4,181.1,4,1,1,1,0,2.5
31.4,191.1,8,0,0.66,0,0,0
31.4,193.1,4,0,0.8,0,0,0
31.4,197.1,9,0,0.66,0,0,0
31.4,197.2,7,0,0.66,0,0,0
31.4,204073.1,12,0,0.33,0,0,0
31.4,211.1,15,0,0.33,0,0,0
31.4,223.1,14,0,0.33,0,0,0
31.5,29.2,15,0,0.33,0,0,0
31.5,29.3,11,0,0.33,0,0,0
31.5,29.4,9,0,0.66,0,0,0
31.5,29.5,10,0,0.66,0,0,0
31.5,29.6,13,0,0.33,0,0,0
31.5,31.1,17,0.6,0.6,0,0,0
31.5,31.2,11,0.6,0.7,0,0,0
31.5,31.3,8,0.8,0.66,0,0,0
31.5,31.4,4,1,1,1,0,20
31.5,31.6,5,1,1,1,0,20
31.5,31.7,8,0.8,0.8,0,0,0
31.5,59.1,13,0,0.33,0,0,0
31.5,61.1,12,0,0.33,0,0,0
31.5,67.1,12,0,0.33,0,0,0
31.5,71.1,12,0,0.33,0,0,0
31.5,73.1,12,0,0.33,0,0,0
31.5,79.1,13,0,0.33,0,0,0
31.5,83.1,14,0,0.33,0,0,0
31.5,103.1,13,0,0.33,0,0,0
31.5,107.1,9,0,0.66,0,0,0
31.5,109.1,7,0,0.66,0,0,0
31.5,113.1,6,0,0.66,0,0,0
31.5,127.1,4,0,1,0,0,0
31.5,131.1,4,1,1,1,1,2.5
31.5,137.1,4,1,1,1,1,2.5
31.5,139.1,4,0,1,0,0,0
31.5,149.1,7,0,0.66,0,0,0
31.5,151.1,8,0,0.66,0,0,0
31.5,157.1,10,0,0.66,0,0,0
31.5,163.1,14,0,0.33,0,0,0
31.5,167.1,14,0,0.33,0,0,0
31.5,173.1,12,0,0.33,0,0,0
31.5,173.2,10,0,0.66,0,0,0
31.5,179.1,8,0,0.66,0,0,0
31.5,181.1,7,0,0.66,0,0,0
31.5,191.1,7,0,0.66,0,0,0
31.5,193.1,4,1,1,1,0,2.5
31.5,197.1,7,0,0.66,0,0,0
31.5,197.2,4,1,1,1,0,2.5
31.5,204073.1,8,0,0.66,0,0,0
31.5,211.1,11,0,0.33,0,0,0
31.5,223.1,9,0,0.66,0,0,0
31.5,227.01,14,0,0.33,0,0,0
31.6,29.3,15,0,0.33,0,0,0
31.6,29.4,10,0,0.66,0,0,0
31.6,29.5,9,0,0.66,0,0,0
31.6,29.6,10,0,0.66,0,0,0
31.6,31.1,21,0.5,0.5,0,0,0
31.6,31.2,17,0.6,0.5,0,0,0
31.6,31.3,13,0.7,0.33,0,0,0
31.6,31.4,9,0.8,0.66,0,0,0
31.6,31.5,5,1,1,1,0,20
31.6,31.7,4,1,1,1,0,20
31.6,61.1,14,0,0.33,0,0,0
31.6,67.1,13,0,0.33,0,0,0
31.6,71.1,12,0,0.33,0,0,0
31.6,73.1,11,0,0.33,0,0,0
31.6,79.1,11,0,0.33,0,0,0
31.6,83.1,12,0,0.33,0,0,0
31.6,89.1,13,0,0.33,0,0,0
31.6,107.1,14,0,0.33,0,0,0
31.6,109.1,11,0,0.33,0,0,0
31.6,113.1,9,0,0.66,0,0,0
31.6,127.1,8,0,0.66,0,0,0
31.6,131.1,6,0,0.66,0,0,0
31.6,137.1,4,0,0.8,0,0,0
31.6,139.1,4,1,1,1,1,2.5
31.6,149.1,4,1,1,1,1,2.5
31.6,151.1,4,0,0.8,0,0,0
31.6,157.1,6,0,0.66,0,0,0
31.6,179.1,12,0,0.33,0,0,0
31.6,181.1,11,0,0.33,0,0,0
31.6,191.1,9,0,0.66,0,0,0
31.6,193.1,7,0,0.66,0,0,0
31.6,197.1,8,0,0.66,0,0,0
31.6,197.2,4,0,0.8,0,0,0
31.6,204073.1,6,1,1,1,0,20
31.6,211.1,8,0,0.66,0,0,0
31.6,223.1,5,0,0.66,0,0,0
31.6,227.01,9,0,0.66,0,0,0
31.7,29.4,13,0,0.33,0,0,0
31.7,29.5,10,0,0.66,0,0,0
31.7,29.6,9,0,0.66,0,0,0
31.7,31.1,24,0.4,0.4,0,0,0
31.7,31.2,20,0.5,0.5,0,0,0
31.7,31.3,17,0.6,0.33,0,0,0
31.7,31.4,13,0.7,0.33,0,0,0
31.7,31.5,8,0.8,0.8,0,0,0
31.7,31.6,4,1,1,1,0,20
31.7,71.1,14,0,0.33,0,0,0
31.7,73.1,13,0,0.33,0,0,0
31.7,79.1,12,0,0.33,0,0,0
31.7,83.1,11,0,0.33,0,0,0
31.7,89.1,11,0,0.33,0,0,0
31.7,113.1,13,0,0.33,0,0,0
31.7,127.1,11,0,0.33,0,0,0
31.7,131.1,9,0,0.66,0,0,0
31.7,137.1,8,0,0.66,0,0,0
31.7,139.1,6,0,0.66,0,0,0
31.7,149.1,4,0,0.8,0,0,0
31.7,151.1,4,1,1,1,1,2.5
31.7,157.1,4,1,1,1,1,2.5
31.7,191.1,12,0,0.33,0,0,0
31.7,193.1,10,0,0.66,0,0,0
31.7,197.1,9,0,0.66,0,0,0
31.7,197.2,7,0,0.66,0,0,0
31.7,204073.1,6,0,0.66,0,0,0
31.7,211.1,7,0,0.66,0,0,0
31.7,223.1,4,0,0.8,0,0,0
31.7,227.01,7,0,0.66,0,0,0
37.1,2.3,13,0,0.33,0,0,0
37.1,2.4,9,0,0.66,0,0,0
37.1,2.5,5,0,0.9,0,0,0
37.1,1798.6,4,0,0.9,0,0,0
37.1,7.1,15,0,0.33,0,0,0
37.1,7.2,11,0,0.33,0,0,0
37.1,7.3,14,0,0.33,0,0,0
37.1,11.1,14,0,0.33,0,0,0
37.1,13.1,7,0,0.66,0,0,0
37.1,13.2,8,0,0.66,0,0,0
37.1,17.1,9,0,0.66,0,0,0
37.1,17.2,12,0,0.33,0,0,0
37.1,19.1,3,0,0.66,0,0,0
37.1,19.2,5,0,0.66,0,0,0
37.1,23.1,7,0,0.66,0,0,0
37.1,23.2,9,0,0.66,0,0,0
37.1,29.1,3,1,1,1,0,2.5
37.1,29.2,8,0,0.66,0,0,0
37.1,29.3,13,0,0.33,0,0,0
37.1,31.1,8,0,0.66,0,0,0
37.1,31.2,10,0,0.66,0,0,0
37.1,31.3,13,0,0.33,0,0,0
37.1,41.1,6,0,0.66,0,0,0
37.1,43.1,4,0,0.8,0,0,0
37.1,47.1,7,0,0.66,0,0,0
37.1,53.1,9,0,0.66,0,0,0
37.1,59.1,14,0,0.33,0,0,0
37.1,97.1,9,0,0.66,0,0,0
37.1,101.1,10,0,0.66,0,0,0
37.1,103.1,11,0,0.33,0,0,0
37.1,107.1,14,0,0.33,0,0,0
37.1,163.1,7,0,0.66,0,0,0
37.1,167.1,8,0,0.66,0,0,0
37.1,173.1,9,0,0.66,0,0,0
37.1,173.2,10,0,0.66,0,0,0
37.1,179.1,14,0,0.33,0,0,0
37.1,181.1,14,0,0.33,0,0,0
41.1,2.3,13,0,0.33,0,0,0
41.1,2.4,9,0,0.66,0,0,0
41.1,2.5,5,0,0.9,0,0,0
41.1,1798.6,3,0.8,0.9,0,0,0
41.1,7.2,13,0,0.33,0,0,0
41.1,11.1,13,0,0.33,0,0,0
41.1,11.2,16,0,0.66,0,0,0
41.1,13.1,9,0,0.66,0,0,0
41.1,13.2,11,0,0.33,0,0,0
41.1,17.1,8,0,0.66,0,0,0
41.1,17.2,9,0,0.66,0,0,0
41.1,19.1,6,0,0.66,0,0,0
41.1,19.2,9,0,0.66,0,0,0
41.1,23.1,3,0,0.8,0,0,0
41.1,23.2,6,0,0.66,0,0,0
41.1,29.1,7,0,0.66,0,0,0
41.1,29.2,9,0,0.66,0,0,0
41.1,29.3,14,0,0.33,0,0,0
41.1,31.1,4,1,0.8,1,0,2.5
41.1,31.2,8,0,0.66,0,0,0
41.1,31.3,11,0,0.33,0,0,0
41.1,31.4,15,0,0.33,0,0,0
41.1,37.1,6,0,0.66,0,0,0
41.1,43.1,9,0,0.66,0,0,0
41.1,47.1,10,0,0.66,0,0,0
41.1,97.1,5,0,0.66,0,0,0
41.1,101.1,6,0,0.66,0,0,0
41.1,103.1,8,0,0.66,0,0,0
41.1,107.1,11,0,0.33,0,0,0
41.1,109.1,14,0,0.33,0,0,0
41.1,163.1,8,0,0.66,0,0,0
41.1,167.1,6,0,0.66,0,0,0
41.1,173.1,10,0,0.66,0,0,0
41.1,173.2,9,0,0.66,0,0,0
41.1,179.1,15,0,0.33,0,0,0
41.1,181.1,13,0,0.33,0,0,0
43.1,2.3,15,0,0.33,0,0,0
43.1,2.4,12,0,0.33,0,0,0
43.1,2.5,8,0,0.66,0,0,0
43.1,1798.6,7,0,0.66,0,0,0
43.1,7.2,13,0,0.33,0,0,0
43.1,7.3,15,0,0.33,0,0,0
43.1,13.1,9,0,0.66,0,0,0
43.1,13.2,8,0,0.66,0,0,0
43.1,17.1,13,0,0.33,0,0,0
43.1,19.1,6,0,0.66,0,0,0
43.1,19.2,4,0,0.66,0,0,0
43.1,23.1,10,0,0.66,0,0,0
43.1,23.2,14,0,0.33,0,0,0
43.1,29.1,3,1,0.8,1,0,2.5
43.1,29.2,8,0,0.66,0,0,0
43.1,29.3,12,0,0.33,0,0,0
43.1,31.1,11,0,0.33,0,0,0
43.1,31.2,13,0,0.33,0,0,0
43.1,31.3,15,0,0.33,0,0,0
43.1,37.1,4,0,0.8,0,0,0
43.1,41.1,9,0,0.66,0,0,0
43.1,47.1,4,0,0.8,0,0,0
43.1,53.1,8,0,0.66,0,0,0
43.1,59.1,11,0,0.33,0,0,0
43.1,61.1,14,0,0.33,0,0,0
43.1,97.1,14,0,0.33,0,0,0
43.1,101.1,14,0,0.33,0,0,0
43.1,103.1,15,0,0.33,0,0,0
43.1,163.1,7,0,0.66,0,0,0
43.1,167.1,9,0,0.66,0,0,0
43.1,173.1,8,0,0.66,0,0,0
43.1,173.2,11,0,0.33,0,0,0
43.1,179.1,14,0,0.33,0,0,0
43.1,181.1,15,0,0.33,0,0,0
47.1,2.5,11,0,0.33,0,0,0
47.1,1798.6,8,0,0.66,0,0,0
47.1,13.1,13,0,0.33,0,0,0
47.1,13.2,13,0,0.33,0,0,0
47.1,19.1,9,0,0.66,0,0,0
47.1,19.2,8,0,0.66,0,0,0
47.1,23.1,13,0,0.33,0,0,0
47.1,29.1,4,0,0.66,0,0,0
47.1,29.2,4,1,0.8,1,0,2.5
47.1,29.3,8,0,0.66,0,0,0
47.1,29.4,14,0,0.33,0,0,0
47.1,31.1,12,0,0.33,0,0,0
47.1,31.2,12,0,0.33,0,0,0
47.1,31.3,13,0,0.33,0,0,0
47.1,31.4,15,0,0.33,0,0,0
47.1,37.1,7,0,0.66,0,0,0
47.1,41.1,10,0,0.66,0,0,0
47.1,43.1,4,0,0.8,0,0,0
47.1,53.1,4,0,0.8,0,0,0
47.1,59.1,8,0,0.66,0,0,0
47.1,61.1,9,0,0.66,0,0,0
47.1,67.1,12,0,0.33,0,0,0
47.1,71.1,15,0,0.33,0,0,0
47.1,97.1,15,0,0.33,0,0,0
47.1,101.1,14,0,0.33,0,0,0
47.1,103.1,14,0,0.33,0,0,0
47.1,107.1,15,0,0.33,0,0,0
47.1,163.1,5,0,0.66,0,0,0
47.1,167.1,9,0,0.66,0,0,0
47.1,173.1,6,0,0.66,0,0,0
47.1,173.2,9,0.8,0.66,0,0,0
47.1,179.1,10,0,0.66,0,0,0
47.1,181.1,11,0,0.33,0,0,0
47.1,191.1,14,0,0.33,0,0,0
53.1,2.5,14,0,0.33,0,0,0
53.1,1798.6,9,0,0.66,0,0,0
53.1,19.1,13,0,0.33,0,0,0
53.1,19.2,11,0,0.33,0,0,0
53.1,23.1,15,0,0.33,0,0,0
53.1,29.1,7,0,0.66,0,0,0
53.1,29.2,4,1,0.8,1,0,2.5
53.1,29.3,5,0,0.66,0,0,0
53.1,29.4,11,0,0.33,0,0,0
53.1,29.5,15,0,0.33,0,0,0
53.1,31.1,13,0,0.33,0,0,0
53.1,31.2,12,0,0.33,0,0,0
53.1,31.3,12,0,0.33,0,0,0
53.1,31.4,16,0,0.33,0,0,0
53.1,37.1,9,0,0.66,0,0,0
53.1,43.1,8,0,0.66,0,0,0
53.1,47.1,4,0,0.8,0,0,0
53.1,59.1,4,0,0.8,0,0,0
53.1,61.1,6,0,0.66,0,0,0
53.1,67.1,8,0,0.66,0,0,0
53.1,71.1,11,0,0.33,0,0,0
53.1,73.1,14,0,0.33,0,0,0
53.1,103.1,14,0,0.33,0,0,0
53.1,107.1,14,0,0.33,0,0,0
53.1,109.1,15,0,0.33,0,0,0
53.1,163.1,6,0.8,0.66,0,0,0
53.1,167.1,9,0,0.66,0,0,0
53.1,173.1,5,0,0.66,0,0,0
53.1,173.2,8,0,0.66,0,0,0
53.1,179.1,7,0,0.66,0,0,0
53.1,181.1,9,0,0.66,0,0,0
53.1,191.1,10,0,0.66,0,0,0
53.1,193.1,12,0,0.33,0,0,0
53.1,197.1,14,0,0.33,0,0,0
59.1,1798.6,12,0,0.33,0,0,0
59.1,19.2,15,0,0.33,0,0,0
59.1,29.1,10,0,0.66,0,0,0
59.1,29.2,6,0,0.66,0,0,0
59.1,29.3,4,1,0.8,1,0,2.5
59.1,29.4,8,0,0.66,0,0,0
59.1,29.5,11,0,0.33,0,0,0
59.1,29.6,15,0,0.33,0,0,0
59.1,31.2,13,0,0.33,0,0,0
59.1,31.3,12,0,0.33,0,0,0
59.1,31.4,12,0,0.33,0,0,0
59.1,31.5,13,0,0.33,0,0,0
59.1,37.1,14,0,0.33,0,0,0
59.1,43.1,11,0,0.33,0,0,0
59.1,47.1,8,0,0.66,0,0,0
59.1,53.1,4,0,0.8,0,0,0
59.1,61.1,3,0,0.8,0,0,0
59.1,67.1,5,0,0.66,0,0,0
59.1,71.1,8,0,0.66,0,0,0
59.1,73.1,10,0,0.66,0,0,0
59.1,79.1,13,0,0.33,0,0,0
59.1,83.1,14,0,0.33,0,0,0
59.1,107.1,14,0,0.33,0,0,0
59.1,109.1,14,0,0.33,0,0,0
59.1,113.1,14,0,0.33,0,0,0
59.1,127.1,14,0,0.33,0,0,0
59.1,163.1,8,0,0.66,0,0,0
59.1,167.1,11,0,0.33,0,0,0
59.1,173.1,6,0,0.66,0,0,0
59.1,173.2,9,0,0.66,0,0,0
59.1,179.1,5,0.8,0.66,0,0,0
59.1,181.1,8,0,0.66,0,0,0
59.1,191.1,6,0,0.66,0,0,0
59.1,193.1,10,0,0.66,0,0,0
59.1,197.1,10,0,0.66,0,0,0
59.1,197.2,12,0,0.33,0,0,0
59.1,204073.1,14,0,0.33,0,0,0
61.1,1798.6,14,0,0.33,0,0,0
61.1,29.1,13,0,0.33,0,0,0
61.1,29.2,8,0,0.66,0,0,0
61.1,29.3,4,1,0.8,1,0,2.5
61.1,29.4,5,0,0.66,0,0,0
61.1,29.5,9,0,0.66,0,0,0
61.1,29.6,13,0,0.33,0,0,0
61.1,31.2,14,0,0.33,0,0,0
61.1,31.3,12,0,0.33,0,0,0
61.1,31.4,12,0,0.33,0,0,0
61.1,31.5,12,0,0.33,0,0,0
61.1,31.6,14,0,0.33,0,0,0
61.1,43.1,14,0,0.33,0,0,0
61.1,47.1,9,0,0.66,0,0,0
61.1,53.1,6,0,0.66,0,0,0
61.1,59.1,3,0,0.8,0,0,0
61.1,67.1,3,0,0.8,0,0,0
61.1,71.1,5,0,0.66,0,0,0
61.1,73.1,8,0,0.66,0,0,0
61.1,79.1,10,0,0.66,0,0,0
61.1,83.1,12,0,0.33,0,0,0
61.1,89.1,14,0,0.33,0,0,0
61.1,107.1,15,0,0.33,0,0,0
61.1,109.1,14,0,0.33,0,0,0
61.1,113.1,14,0,0.33,0,0,0
61.1,127.1,14,0,0.33,0,0,0
61.1,131.1,15,0,0.33,0,0,0
61.1,163.1,10,0,0.66,0,0,0
61.1,167.1,13,0,0.33,0,0,0
61.1,173.1,8,0,0.66,0,0,0
61.1,173.2,11,0,0.33,0,0,0
61.1,179.1,6,0,0.66,0,0,0
61.1,181.1,9,0,0.66,0,0,0
61.1,191.1,6,0,0.66,0,0,0
61.1,193.1,9,0,0.66,0,0,0
61.1,197.1,8,0,0.66,0,0,0
61.1,197.2,11,0,0.33,0,0,0
61.1,204073.1,12,0,0.33,0,0,0
61.1,211.1,13,0,0.33,0,0,0
67.1,29.2,11,0,0.33,0,0,0
67.1,29.3,6,0,0.66,0,0,0
67.1,29.4,4,1,1,1,0,2.5
67.1,29.5,7,0,0.66,0,0,0
67.1,29.6,10,0,0.66,0,0,0
67.1,31.3,13,0,0.33,0,0,0
67.1,31.4,12,0,0.33,0,0,0
67.1,31.5,12,0,0.33,0,0,0
67.1,31.6,13,0,0.33,0,0,0
67.1,47.1,12,0,0.33,0,0,0
67.1,53.1,8,0,0.66,0,0,0
67.1,59.1,5,0,0.66,0,0,0
67.1,61.1,3,0,0.8,0,0,0
67.1,71.1,3,0,0.8,0,0,0
67.1,73.1,5,0,0.66,0,0,0
67.1,79.1,7,0,0.66,0,0,0
67.1,83.1,9,0,0.66,0,0,0
67.1,89.1,11,0,0.33,0,0,0
67.1,109.1,15,0,0.33,0,0,0
67.1,113.1,14,0,0.33,0,0,0
67.1,127.1,14,0,0.33,0,0,0
67.1,131.1,14,0,0.33,0,0,0
67.1,137.1,14,0,0.33,0,0,0
67.1,139.1,15,0,0.33,0,0,0
67.1,163.1,13,0,0.33,0,0,0
67.1,173.1,9,0,0.66,0,0,0
67.1,173.2,13,0,0.33,0,0,0
67.1,179.1,6,0,0.66,0,0,0
67.1,181.1,10,0,0.66,0,0,0
67.1,191.1,5,0,0.66,0,0,0
67.1,193.1,9,0,0.66,0,0,0
67.1,197.1,6,0,0.66,0,0,0
67.1,197.2,9,0,0.66,0,0,0
67.1,204073.1,10,0,0.66,0,0,0
67.1,211.1,11,0,0.33,0,0,0
67.1,223.1,14,0,0.33,0,0,0
71.1,29.2,13,0,0.33,0,0,0
71.1,29.3,8,0,0.66,0,0,0
71.1,29.4,4,1,1,1,0,2.5
71.1,29.5,5,0,0.66,0,0,0
71.1,29.6,8,0,0.66,0,0,0
71.1,31.3,15,0,0.33,0,0,0
71.1,31.4,13,0,0.33,0,0,0
71.1,31.5,12,0,0.33,0,0,0
71.1,31.6,12,0,0.33,0,0,0
71.1,31.7,14,0,0.33,0,0,0
71.1,47.1,15,0,0.33,0,0,0
71.1,53.1,11,0,0.33,0,0,0
71.1,59.1,8,0,0.66,0,0,0
71.1,61.1,5,0,0.66,0,0,0
71.1,67.1,3,0,0.8,0,0,0
71.1,73.1,3,0,0.8,0,0,0
71.1,79.1,5,0,0.66,0,0,0
71.1,83.1,7,0,0.66,0,0,0
71.1,89.1,9,0,0.66,0,0,0
71.1,113.1,15,0,0.33,0,0,0
71.1,127.1,14,0,0.33,0,0,0
71.1,131.1,14,0,0.33,0,0,0
71.1,137.1,14,0,0.33,0,0,0
71.1,139.1,14,0,0.33,0,0,0
71.1,149.1,15,0,0.33,0,0,0
71.1,163.1,15,0,0.33,0,0,0
71.1,173.1,12,0,0.33,0,0,0
71.1,173.2,14,0,0.33,0,0,0
71.1,179.1,8,0,0.66,0,0,0
71.1,181.1,11,0,0.33,0,0,0
71.1,191.1,6,0,0.66,0,0,0
71.1,193.1,9,0,0.66,0,0,0
71.1,197.1,5,0.8,0.66,0,0,0
71.1,197.2,9,0.4,0.66,0,0,0
71.1,204073.1,8,0,0.66,0,0,0
71.1,211.1,8,0,0.66,0,0,0
71.1,223.1,11,0,0.33,0,0,0
71.1,227.01,14,0,0.33,0,0,0
73.1,29.3,10,0,0.66,0,0,0
73.1,29.4,4,0,0.8,0,0,0
73.1,29.5,4,1,0.8,1,1,2.5
73.1,29.6,6,0,0.66,0,0,0
73.1,31.4,14,0,0.33,0,0,0
73.1,31.5,12,0,0.33,0,0,0
73.1,31.6,11,0,0.33,0,0,0
73.1,31.7,13,0,0.33,0,0,0
73.1,53.1,14,0,0.33,0,0,0
73.1,59.1,10,0,0.66,0,0,0
73.1,61.1,8,0,0.66,0,0,0
73.1,67.1,5,0,0.66,0,0,0
73.1,71.1,3,0,0.8,0,0,0
73.1,79.1,3,0,0.8,0,0,0
73.1,83.1,5,0,0.66,0,0,0
73.1,89.1,7,0,0.66,0,0,0
73.1,131.1,15,0,0.33,0,0,0
73.1,137.1,14,0,0.33,0,0,0
73.1,139.1,14,0,0.33,0,0,0
73.1,149.1,14,0,0.33,0,0,0
73.1,151.1,15,0,0.33,0,0,0
73.1,173.1,14,0,0.33,0,0,0
73.1,179.1,10,0,0.66,0,0,0
73.1,181.1,13,0,0.33,0,0,0
73.1,191.1,7,0,0.66,0,0,0
73.1,193.1,10,0,0.66,0,0,0
73.1,197.1,5,0,0.66,0,0,0
73.1,197.2,9,0,0.66,0,0,0
73.1,204073.1,8,0.8,0.5,0,0,0
73.1,211.1,8,0,0.66,0,0,0
73.1,223.1,10,0,0.66,0,0,0
73.1,227.01,11,0,0.33,0,0,0
79.1,29.3,13,0,0.33,0,0,0
79.1,29.4,6,0,0.66,0,0,0
79.1,29.5,4,1,0.8,1,1,2.5
79.1,29.6,4,0,0.8,0,0,0
79.1,31.5,13,0,0.33,0,0,0
79.1,31.6,11,0,0.33,0,0,0
79.1,31.7,12,0,0.33,0,0,0
79.1,59.1,13,0,0.33,0,0,0
79.1,61.1,10,0,0.66,0,0,0
79.1,67.1,7,0,0.66,0,0,0
79.1,71.1,5,0,0.66,0,0,0
79.1,73.1,3,0,0.8,0,0,0
79.1,83.1,2,0,0.8,0,0,0
79.1,89.1,4,0,0.8,0,0,0
79.1,137.1,15,0,0.33,0,0,0
79.1,139.1,14,0,0.33,0,0,0
79.1,149.1,14,0,0.33,0,0,0
79.1,151.1,14,0,0.33,0,0,0
79.1,157.1,15,0,0.33,0,0,0
79.1,179.1,11,0,0.33,0,0,0
79.1,181.1,15,0,0.33,0,0,0
79.1,191.1,8,0,0.66,0,0,0
79.1,193.1,11,0,0.33,0,0,0
79.1,197.1,7,0,0.66,0,0,0
79.1,197.2,9,0,0.66,0,0,0
79.1,204073.1,7,0.8,0.5,0,0,0
79.1,211.1,6,0,0.66,0,0,0
79.1,223.1,9,0,0.66,0,0,0
79.1,227.01,9,0,0.66,0,0,0
83.1,29.3,14,0,0.33,0,0,0
83.1,29.4,8,0,0.66,0,0,0
83.1,29.5,4,0,0.8,0,0,0
83.1,29.6,4,1,0.8,1,1,2.5
83.1,31.5,14,0,0.33,0,0,0
83.1,31.6,12,0,0.33,0,0,0
83.1,31.7,11,0,0.33,0,0,0
83.1,59.1,14,0,0.33,0,0,0
83.1,61.1,12,0,0.33,0,0,0
83.1,67.1,9,0,0.66,0,0,0
83.1,71.1,7,0,0.66,0,0,0
83.1,73.1,5,0,0.66,0,0,0
83.1,79.1,2,0,0.8,0,0,0
83.1,89.1,3,0,0.8,0,0,0
83.1,139.1,15,0,0.33,0,0,0
83.1,149.1,14,0,0.33,0,0,0
83.1,151.1,14,0,0.33,0,0,0
83.1,157.1,14,0,0.33,0,0,0
83.1,179.1,14,0,0.33,0,0,0
83.1,191.1,10,0,0.33,0,0,0
83.1,193.1,13,0,0.33,0,0,0
83.1,197.1,7,0,0.66,0,0,0
83.1,197.2,10,0,0.66,0,0,0
83.1,204073.1,7,0,0.66,0,0,0
83.1,211.1,5,0,0.66,0,0,0
83.1,223.1,9,0,0.66,0,0,0
83.1,227.01,9,0,0.66,0,0,0
89.1,29.4,10,0,0.66,0,0,0
89.1,29.5,6,0,0.66,0,0,0
89.1,29.6,4,1,0.8,1,1,2.5
89.1,31.6,13,0,0.33,0,0,0
89.1,31.7,11,0,0.33,0,0,0
89.1,61.1,14,0,0.33,0,0,0
89.1,67.1,11,0,0.33,0,0,0
89.1,71.1,9,0,0.66,0,0,0
89.1,73.1,7,0,0.66,0,0,0
89.1,79.1,4,0,0.8,0,0,0
89.1,83.1,3,0,0.8,0,0,0
89.1,149.1,15,0,0.33,0,0,0
89.1,151.1,14,0,0.33,0,0,0
89.1,157.1,14,0,0.33,0,0,0
89.1,191.1,13,0,0.33,0,0,0
89.1,193.1,15,0,0.33,0,0,0
89.1,197.1,9,0,0.66,0,0,0
89.1,197.2,11,0,0.33,0,0,0
89.1,204073.1,8,0,0.66,0,0,0
89.1,211.1,5,0,0.66,0,0,0
89.1,223.1,9,0,0.66,0,0,0
89.1,227.01,7,0,0.66,0,0,0
97.1,2.3,15,0,0.33,0,0,0
97.1,2.4,12,0,0.33,0,0,0
97.1,2.5,8,0,0.66,0,0,0
97.1,1798.6,7,0,0.66,0,0,0
97.1,7.2,16,0,0.33,0,0,0
97.1,11.1,13,0,0.33,0,0,0
97.1,11.2,16,0,0.66,0,0,0
97.1,13.1,13,0,0.33,0,0,0
97.1,17.1,8,0,0.66,0,0,0
97.1,17.2,8,0,0.66,0,0,0
97.1,19.1,10,0,0.66,0,0,0
97.1,19.2,15,0,0.33,0,0,0
97.1,23.1,5,0,0.66,0,0,0
97.1,23.2,3,0,0.8,0,0,0
97.1,29.1,11,0,0.33,0,0,0
97.1,29.2,13,0,0.33,0,0,0
97.1,31.1,4,1,1,1,0,2.5
97.1,31.2,8,0.8,0.66,0,0,0
97.1,31.3,11,0,0.33,0,0,0
97.1,31.4,15,0,0.33,0,0,0
97.1,37.1,9,0,0.66,0,0,0
97.1,41.1,5,0,0.66,0,0,0
97.1,43.1,14,0,0.33,0,0,0
97.1,47.1,15,0,0.33,0,0,0
97.1,101.1,3,0,0.8,0,0,0
97.1,103.1,6,0,0.66,0,0,0
97.1,107.1,9,0,0.66,0,0,0
97.1,109.1,12,0,0.33,0,0,0
97.1,113.1,15,0,0.33,0,0,0
97.1,163.1,11,0,0.33,0,0,0
97.1,167.1,7,0,0.66,0,0,0
97.1,173.1,13,0,0.33,0,0,0
97.1,173.2,10,0,0.66,0,0,0
97.1,181.1,14,0,0.33,0,0,0
101.1,2.4,14,0,0.33,0,0,0
101.1,2.5,9,0,0.66,0,0,0
101.1,1798.6,7,0.8,0.66,0,0,0
101.1,13.1,14,0,0.33,0,0,0
101.1,17.1,11,0,0.33,0,0,0
101.1,17.2,10,0,0.66,0,0,0
101.1,19.1,11,0,0.33,0,0,0
101.1,19.2,15,0,0.33,0,0,0
101.1,23.1,7,0,0.66,0,0,0
101.1,23.2,6,0,0.66,0,0,0
101.1,29.1,11,0,0.33,0,0,0
101.1,29.2,12,0,0.33,0,0,0
101.1,29.3,15,0,0.33,0,0,0
101.1,31.1,4,1,1,1,0,2.5
101.1,31.2,6,0,0.66,0,0,0
101.1,31.3,9,0,0.66,0,0,0
101.1,31.4,12,0,0.33,0,0,0
101.1,37.1,10,0,0.66,0,0,0
101.1,41.1,6,0,0.66,0,0,0
101.1,43.1,14,0,0.33,0,0,0
101.1,47.1,14,0,0.33,0,0,0
101.1,97.1,3,0,0.8,0,0,0
101.1,103.1,4,0,0.8,0,0,0
101.1,107.1,7,0,0.66,0,0,0
101.1,109.1,10,0,0.66,0,0,0
101.1,113.1,13,0,0.33,0,0,0
101.1,127.1,14,0,0.33,0,0,0
101.1,163.1,9,0,0.66,0,0,0
101.1,167.1,6,0,0.66,0,0,0
101.1,173.1,11,0,0.33,0,0,0
101.1,173.2,8,0,0.66,0,0,0
101.1,179.1,15,0,0.33,0,0,0
101.1,181.1,11,0,0.33,0,0,0
103.1,2.5,12,0,0.33,0,0,0
103.1,1798.6,8,0,0.66,0,0,0
103.1,17.1,14,0,0.33,0,0,0
103.1,17.2,14,0,0.33,0,0,0
103.1,19.1,13,0,0.33,0,0,0
103.1,23.1,9,0,0.66,0,0,0
103.1,23.2,9,0,0.66,0,0,0
103.1,29.1,12,0,0.33,0,0,0
103.1,29.2,11,0,0.33,0,0,0
103.1,29.3,13,0,0.33,0,0,0
103.1,31.1,4,0,0.8,0,0,0
103.1,31.2,4,1,0.8,1,0,2.5
103.1,31.3,6,0,0.66,0,0,0
103.1,31.4,8,0,0.66,0,0,0
103.1,31.5,13,0,0.33,0,0,0
103.1,37.1,11,0,0.33,0,0,0
103.1,41.1,8,0,0.66,0,0,0
103.1,43.1,15,0,0.33,0,0,0
103.1,47.1,14,0,0.33,0,0,0
103.1,53.1,14,0,0.33,0,0,0
103.1,97.1,6,0,0.66,0,0,0
103.1,101.1,4,0,0.8,0,0,0
103.1,107.1,4,0,0.8,0,0,0
103.1,109.1,6,0,0.66,0,0,0
103.1,113.1,8,0,0.66,0,0,0
103.1,127.1,10,0,0.66,0,0,0
103.1,131.1,13,0,0.33,0,0,0
103.1,137.1,14,0,0.33,0,0,0
103.1,163.1,9,0,0.66,0,0,0
103.1,167.1,5,0,0.66,0,0,0
103.1,173.1,9,0,0.66,0,0,0
103.1,173.2,6,0,0.66,0,0,0
103.1,179.1,12,0,0.33,0,0,0
103.1,181.1,8,0,0.66,0,0,0
103.1,191.1,15,0,0.33,0,0,0
103.1,193.1,13,0,0.33,0,0,0
107.1,2.5,15,0,0.33,0,0,0
107.1,1798.6,10,0,0.66,0,0,0
107.1,23.1,13,0,0.33,0,0,0
107.1,23.2,13,0,0.33,0,0,0
107.1,29.1,13,0,0.33,0,0,0
107.1,29.2,11,0,0.33,0,0,0
107.1,29.3,12,0,0.33,0,0,0
107.1,29.4,15,0,0.33,0,0,0
107.1,31.1,8,0,0.66,0,0,0
107.1,31.2,4,1,1,1,0,2.5
107.1,31.3,4,0,0.8,0,0,0
107.1,31.4,6,0,0.66,0,0,0
107.1,31.5,9,0,0.66,0,0,0
107.1,31.6,14,0,0.33,0,0,0
107.1,37.1,14,0,0.33,0,0,0
107.1,41.1,11,0,0.33,0,0,0
107.1,47.1,15,0,0.33,0,0,0
107.1,53.1,14,0,0.33,0,0,0
107.1,59.1,14,0,0.33,0,0,0
107.1,61.1,15,0,0.33,0,0,0
107.1,97.1,9,0,0.66,0,0,0
107.1,101.1,7,0,0.66,0,0,0
107.1,103.1,4,0,0.8,0,0,0
107.1,109.1,3,0,0.8,0,0,0
107.1,113.1,5,0,0.66,0,0,0
107.1,127.1,7,0,0.66,0,0,0
107.1,131.1,9,0,0.66,0,0,0
107.1,137.1,10,0,0.66,0,0,0
107.1,139.1,13,0,0.33,0,0,0
107.1,149.1,15,0,0.33,0,0,0
107.1,163.1,10,0,0.66,0,0,0
107.1,167.1,7,0,0.66,0,0,0
107.1,173.1,9,0,0.66,0,0,0
107.1,173.2,6,0,0.66,0,0,0
107.1,179.1,10,0,0.66,0,0,0
107.1,181.1,6,0,0.66,0,0,0
107.1,191.1,12,0,0.33,0,0,0
107.1,193.1,9,0,0.66,0,0,0
107.1,197.1,15,0,0.33,0,0,0
107.1,197.2,13,0,0.33,0,0,0
109.1,1798.6,12,0,0.33,0,0,0
109.1,23.2,15,0,0.33,0,0,0
109.1,29.2,12,0,0.33,0,0,0
109.1,29.3,12,0,0.33,0,0,0
109.1,29.4,13,0,0.33,0,0,0
109.1,31.1,10,0,0.66,0,0,0
109.1,31.2,6,1,1,0,0,0
109.1,31.3,4,0,0.8,0,0,0
109.1,31.4,4,1,1,1,0,2.5
109.1,31.5,7,0,0.66,0,0,0
109.1,31.6,11,0,0.33,0,0,0
109.1,41.1,14,0,0.33,0,0,0
109.1,53.1,15,0,0.33,0,0,0
109.1,59.1,14,0,0.33,0,0,0
109.1,61.1,14,0,0.33,0,0,0
109.1,67.1,15,0,0.33,0,0,0
109.1,97.1,12,0,0.33,0,0,0
109.1,101.1,10,0,0.66,0,0,0
109.1,103.1,6,0,0.66,0,0,0
109.1,107.1,3,0,0.8,0,0,0
109.1,113.1,3,0,0.8,0,0,0
109.1,127.1,4,0,0.8,0,0,0
109.1,131.1,6,0,0.66,0,0,0
109.1,137.1,8,0,0.66,0,0,0
109.1,139.1,10,0,0.66,0,0,0
109.1,149.1,13,0,0.33,0,0,0
109.1,151.1,14,0,0.33,0,0,0
109.1,163.1,11,0,0.33,0,0,0
109.1,167.1,9,0,0.66,0,0,0
109.1,173.1,10,0,0.66,0,0,0
109.1,173.2,7,0,0.66,0,0,0
109.1,179.1,9,0,0.66,0,0,0
109.1,181.1,6,0.8,0.66,0,0,0
109.1,191.1,11,0,0.33,0,0,0
109.1,193.1,7,0,0.66,0,0,0
109.1,197.1,13,0,0.33,0,0,0
109.1,197.2,10,0,0.66,0,0,0
109.1,204073.1,15,0,0.33,0,0,0
113.1,1798.6,14,0,0.33,0,0,0
113.1,29.2,13,0,0.33,0,0,0
113.1,29.3,12,0,0.33,0,0,0
113.1,29.4,12,0,0.33,0,0,0
113.1,29.5,15,0,0.33,0,0,0
113.1,31.1,13,0,0.33,0,0,0
113.1,31.2,8,0,0.66,0,0,0
113.1,31.3,4,0,0.8,0,0,0
113.1,31.4,4,1,1,1,0,2.5
113.1,31.5,6,0,0.66,0,0,0
113.1,31.6,9,0,0.66,0,0,0
113.1,31.7,13,0,0.33,0,0,0
113.1,59.1,14,0,0.33,0,0,0
113.1,61.1,14,0,0.33,0,0,0
113.1,67.1,14,0,0.33,0,0,0
113.1,71.1,15,0,0.33,0,0,0
113.1,97.1,15,0,0.33,0,0,0
113.1,101.1,13,0,0.33,0,0,0
113.1,103.1,8,0,0.66,0,0,0
113.1,107.1,5,0,0.66,0,0,0
113.1,109.1,3,0,0.8,0,0,0
113.1,127.1,2,0,0.8,0,0,0
113.1,131.1,4,0,0.8,0,0,0
113.1,137.1,6,0,0.66,0,0,0
113.1,139.1,8,0,0.66,0,0,0
113.1,149.1,10,0,0.66,0,0,0
113.1,151.1,12,0,0.33,0,0,0
113.1,157.1,15,0,0.33,0,0,0
113.1,163.1,13,0,0.33,0,0,0
113.1,167.1,11,0,0.33,0,0,0
113.1,173.1,11,0,0.33,0,0,0
113.1,173.2,8,0,0.66,0,0,0
113.1,179.1,9,0,0.66,0,0,0
113.1,181.1,6,0,0.66,0,0,0
113.1,191.1,9,0,0.66,0,0,0
113.1,193.1,6,0,0.66,0,0,0
113.1,197.1,11,0,0.33,0,0,0
113.1,197.2,9,0,0.66,0,0,0
113.1,204073.1,13,0,0.33,0,0,0
113.1,223.1,14,0,0.33,0,0,0
127.1,29.2,14,0,0.33,0,0,0
127.1,29.3,13,0,0.33,0,0,0
127.1,29.4,12,0,0.33,0,0,0
127.1,29.5,14,0,0.33,0,0,0
127.1,31.1,14,0,0.33,0,0,0
127.1,31.2,9,0,0.66,0,0,0
127.1,31.3,6,0,0.66,0,0,0
127.1,31.4,4,1,1,1,1,2.5
127.1,31.5,4,0,1,0,0,0
127.1,31.6,8,0,0.66,0,0,0
127.1,31.7,11,0,0.33,0,0,0
127.1,59.1,14,0,0.33,0,0,0
127.1,61.1,14,0,0.33,0,0,0
127.1,67.1,14,0,0.33,0,0,0
127.1,71.1,14,0,0.33,0,0,0
127.1,101.1,14,0,0.33,0,0,0
127.1,103.1,10,0,0.66,0,0,0
127.1,107.1,7,0,0.66,0,0,0
127.1,109.1,4,0,0.8,0,0,0
127.1,113.1,2,0,0.8,0,0,0
127.1,131.1,3,0,0.8,0,0,0
127.1,137.1,4,0,0.8,0,0,0
127.1,139.1,6,0,0.66,0,0,0
127.1,149.1,8,0,0.66,0,0,0
127.1,151.1,10,0,0.66,0,0,0
127.1,157.1,13,0,0.33,0,0,0
127.1,163.1,14,0,0.33,0,0,0
127.1,167.1,12,0,0.33,0,0,0
127.1,173.1,11,0,0.33,0,0,0
127.1,173.2,9,0,0.66,0,0,0
127.1,179.1,9,0,0.66,0,0,0
127.1,181.1,7,0,0.66,0,0,0
127.1,191.1,9,0,0.66,0,0,0
127.1,193.1,6,0,0.66,0,0,0
127.1,197.1,10,0,0.66,0,0,0
127.1,197.2,8,0,0.66,0,0,0
127.1,204073.1,11,0,0.33,0,0,0
127.1,211.1,15,0,0.33,0,0,0
127.1,223.1,13,0,0.33,0,0,0
131.1,29.3,13,0,0.33,0,0,0
131.1,29.4,12,0,0.33,0,0,0
131.1,29.5,13,0,0.33,0,0,0
131.1,29.6,15,0,0.33,0,0,0
131.1,31.2,11,0,0.33,0,0,0
131.1,31.3,8,0,0.66,0,0,0
131.1,31.4,5,0,0.66,0,0,0
131.1,31.5,4,1,1,1,1,2.5
131.1,31.6,6,0,0.66,0,0,0
131.1,31.7,9,0,0.66,0,0,0
131.1,61.1,15,0,0.33,0,0,0
131.1,67.1,14,0,0.33,0,0,0
131.1,71.1,14,0,0.33,0,0,0
131.1,73.1,15,0,0.33,0,0,0
131.1,103.1,13,0,0.33,0,0,0
131.1,107.1,9,0,0.66,0,0,0
131.1,109.1,6,0,0.66,0,0,0
131.1,113.1,4,0,0.8,0,0,0
131.1,127.1,3,0,0.8,0,0,0
131.1,137.1,2,0,0.8,0,0,0
131.1,139.1,4,0,0.8,0,0,0
131.1,149.1,6,0,0.66,0,0,0
131.1,151.1,8,0,0.66,0,0,0
131.1,157.1,11,0,0.33,0,0,0
131.1,167.1,14,0,0.33,0,0,0
131.1,173.1,13,0,0.33,0,0,0
131.1,173.2,11,0,0.33,0,0,0
131.1,179.1,10,0,0.66,0,0,0
131.1,181.1,8,0,0.66,0,0,0
131.1,191.1,9,0,0.66,0,0,0
131.1,193.1,6,0,0.66,0,0,0
131.1,197.1,9,0,0.66,0,0,0
131.1,197.2,7,0.8,0.66,0,0,0
131.1,204073.1,9,0,0.66,0,0,0
131.1,211.1,13,0,0.33,0,0,0
131.1,223.1,11,0,0.33,0,0,0
131.1,227.01,15,0,0.33,0,0,0
137.1,29.3,14,0,0.33,0,0,0
137.1,29.4,12,0,0.33,0,0,0
137.1,29.5,12,0,0.33,0,0,0
137.1,29.6,14,0,0.33,0,0,0
137.1,31.2,13,0,0.33,0,0,0
137.1,31.3,9,0,0.66,0,0,0
137.1,31.4,7,0,0.66,0,0,0
137.1,31.5,4,1,1,1,1,2.5
137.1,31.6,4,0,0.8,0,0,0
137.1,31.7,8,0,0.66,0,0,0
137.1,67.1,14,0,0.33,0,0,0
137.1,71.1,14,0,0.33,0,0,0
137.1,73.1,14,0,0.33,0,0,0
137.1,79.1,15,0,0.33,0,0,0
137.1,103.1,14,0,0.33,0,0,0
137.1,107.1,10,0,0.66,0,0,0
137.1,109.1,8,0,0.66,0,0,0
137.1,113.1,6,0,0.66,0,0,0
137.1,127.1,4,0,0.8,0,0,0
137.1,131.1,2,0,0.8,0,0,0
137.1,139.1,3,0,0.8,0,0,0
137.1,149.1,5,0,0.66,0,0,0
137.1,151.1,7,0,0.66,0,0,0
137.1,157.1,9,0,0.66,0,0,0
137.1,173.1,15,0,0.33,0,0,0
137.1,173.2,13,0,0.33,0,0,0
137.1,179.1,11,0,0.33,0,0,0
137.1,181.1,8,0,0.66,0,0,0
137.1,191.1,9,0,0.66,0,0,0
137.1,193.1,6,0.8,0.66,0,0,0
137.1,197.1,9,0,0.66,0,0,0
137.1,204073.1,6,0,0.66,0,0,0
137.1,211.1,12,0,0.33,0,0,0
137.1,223.1,9,0,0.66,0,0,0
137.1,227.01,14,0,0.33,0,0,0
139.1,29.4,12,0,0.33,0,0,0
139.1,29.5,11,0,0.33,0,0,0
139.1,29.6,13,0,0.33,0,0,0
139.1,31.3,12,0,0.33,0,0,0
139.1,31.4,8,0,0.66,0,0,0
139.1,31.5,4,0,1,0,0,0
139.1,31.6,4,1,1,1,1,2.5
139.1,31.7,6,0,0.66,0,0,0
139.1,67.1,15,0,0.33,0,0,0
139.1,71.1,14,0,0.33,0,0,0
139.1,73.1,14,0,0.33,0,0,0
139.1,79.1,14,0,0.33,0,0,0
139.1,83.1,15,0,0.33,0,0,0
139.1,107.1,13,0,0.33,0,0,0
139.1,109.1,10,0,0.66,0,0,0
139.1,113.1,8,0,0.66,0,0,0
139.1,127.1,6,0,0.66,0,0,0
139.1,131.1,4,0,0.8,0,0,0
139.1,137.1,3,0,0.8,0,0,0
139.1,149.1,2,0,0.8,0,0,0
139.1,151.1,4,0,0.7,0,0,0
139.1,157.1,7,0,0.66,0,0,0
139.1,173.2,14,0,0.33,0,0,0
139.1,179.1,13,0,0.33,0,0,0
139.1,181.1,11,0,0.33,0,0,0
139.1,191.1,10,0,0.66,0,0,0
139.1,193.1,8,0,0.66,0,0,0
139.1,197.1,9,0,0.66,0,0,0
139.1,197.2,6,0,0.66,0,0,0
139.1,204073.1,8,0,0.66,0,0,0
139.1,211.1,10,0,0.66,0,0,0
139.1,223.1,7,0,0.66,0,0,0
139.1,227.01,12,0,0.33,0,0,0
149.1,29.4,13,0,0.33,0,0,0
149.1,29.5,11,0,0.33,0,0,0
149.1,29.6,12,0,0.33,0,0,0
149.1,31.3,14,0,0.33,0,0,0
149.1,31.4,10,0,0.66,0,0,0
149.1,31.5,7,0,0.66,0,0,0
149.1,31.6,4,1,1,1,1,2.5
149.1,31.7,4,0,0.8,0,0,0
149.1,71.1,15,0,0.33,0,0,0
149.1,73.1,14,0,0.33,0,0,0
149.1,79.1,14,0,0.33,0,0,0
149.1,83.1,14,0,0.33,0,0,0
149.1,89.1,15,0,0.33,0,0,0
149.1,107.1,15,0,0.33,0,0,0
149.1,109.1,13,0,0.33,0,0,0
149.1,113.1,10,0,0.66,0,0,0
149.1,127.1,8,0,0.66,0,0,0
149.1,131.1,6,0,0.66,0,0,0
149.1,137.1,5,0,0.66,0,0,0
149.1,139.1,2,0,0.8,0,0,0
149.1,151.1,2,0,0.8,0,0,0
149.1,157.1,4,0,0.8,0,0,0
149.1,179.1,14,0,0.33,0,0,0
149.1,181.1,13,0,0.33,0,0,0
149.1,191.1,12,0,0.33,0,0,0
149.1,193.1,8,0,0.66,0,0,0
149.1,197.1,9,0,0.66,0,0,0
149.1,197.2,7,0,0.66,0,0,0
149.1,204073.1,8,0,0.66,0,0,0
149.1,211.1,9,0,0.66,0,0,0
149.1,223.1,6,0,0.66,0,0,0
149.1,227.01,9,0,0.66,0,0,0
151.1,29.4,14,0,0.33,0,0,0
151.1,29.5,12,0,0.33,0,0,0
151.1,29.6,12,0,0.33,0,0,0
151.1,31.4,12,0,0.33,0,0,0
151.1,31.5,8,0,0.66,0,0,0
151.1,31.6,4,0,0.8,0,0,0
151.1,31.7,4,1,1,1,1,2.5
151.1,73.1,15,0,0.33,0,0,0
151.1,79.1,14,0,0.33,0,0,0
151.1,83.1,14,0,0.33,0,0,0
151.1,89.1,14,0,0.33,0,0,0
151.1,109.1,14,0,0.33,0,0,0
151.1,113.1,12,0,0.33,0,0,0
151.1,127.1,10,0,0.66,0,0,0
151.1,131.1,8,0,0.66,0,0,0
151.1,137.1,7,0,0.66,0,0,0
151.1,139.1,4,0,0.7,0,0,0
151.1,149.1,2,0,0.8,0,0,0
151.1,157.1,3,0,0.8,0,0,0
151.1,181.1,15,0,0.33,0,0,0
151.1,191.1,13,0,0.33,0,0,0
151.1,193.1,10,0,0.66,0,0,0
151.1,197.1,10,0,0.66,0,0,0
151.1,197.2,8,0,0.66,0,0,0
151.1,204073.1,8,0,0.66,0,0,0
151.1,211.1,9,0,0.66,0,0,0
151.1,223.1,6,0,0.66,0,0,0
151.1,227.01,9,0,0.66,0,0,0
157.1,29.5,13,0,0.33,0,0,0
157.1,29.6,12,0,0.33,0,0,0
157.1,31.4,15,0,0.33,0,0,0
157.1,31.5,10,0,0.66,0,0,0
157.1,31.6,6,0,0.66,0,0,0
157.1,31.7,4,1,1,1,1,2.5
157.1,79.1,15,0,0.33,0,0,0
157.1,83.1,14,0,0.33,0,0,0
157.1,89.1,14,0,0.33,0,0,0
157.1,113.1,15,0,0.33,0,0,0
157.1,127.1,13,0,0.33,0,0,0
157.1,131.1,11,0,0.33,0,0,0
157.1,137.1,9,0,0.66,0,0,0
157.1,139.1,7,0,0.66,0,0,0
157.1,149.1,4,0,0.8,0,0,0
157.1,151.1,3,0,0.8,0,0,0
157.1,191.1,15,0,0.33,0,0,0
157.1,193.1,13,0,0.33,0,0,0
157.1,197.1,12,0,0.33,0,0,0
157.1,197.2,9,0,0.66,0,0,0
157.1,204073.1,8,0,0.66,0,0,0
157.1,211.1,8,0,0.66,0,0,0
157.1,223.1,6,0,0.66,0,0,0
157.1,227.01,8,0,0.66,0,0,0
163.1,2.4,14,0,0.33,0,0,0
163.1,2.5,9,0,0.66,0,0,0
163.1,1798.6,4,0,0.9,0,0,0
163.1,13.1,14,0,0.33,0,0,0
163.1,13.2,14,0,0.33,0,0,0
163.1,17.1,15,0,0.33,0,0,0
163.1,19.1,8,0,0.66,0,0,0
163.1,19.2,10,0,0.66,0,0,0
163.1,23.1,9,0,0.66,0,0,0
163.1,23.2,13,0,0.33,0,0,0
163.1,29.1,5,0,0.66,0,0,0
163.1,29.2,4,1,0.8,1,0,2.5
163.1,29.3,8,0,0.66,0,0,0
163.1,29.4,13,0,0.33,0,0,0
163.1,31.1,8,0,0.66,0,0,0
163.1,31.2,8,0,0.66,0,0,0
163.1,31.3,8,0,0.66,0,0,0
163.1,31.4,11,0,0.33,0,0,0
163.1,31.5,14,0,0.33,0,0,0
163.1,37.1,7,0,0.66,0,0,0
163.1,41.1,8,0,0.66,0,0,0
163.1,43.1,7,0,0.66,0,0,0
163.1,47.1,5,0,0.66,0,0,0
163.1,53.1,6,0.8,0.66,0,0,0
163.1,59.1,8,0,0.66,0,0,0
163.1,61.1,10,0,0.66,0,0,0
163.1,67.1,13,0,0.33,0,0,0
163.1,71.1,15,0,0.33,0,0,0
163.1,97.1,11,0,0.33,0,0,0
163.1,101.1,9,0,0.66,0,0,0
163.1,103.1,9,0,0.66,0,0,0
163.1,107.1,10,0,0.66,0,0,0
163.1,109.1,11,0,0.33,0,0,0
163.1,113.1,13,0,0.33,0,0,0
163.1,127.1,14,0,0.33,0,0,0
163.1,167.1,4,0,0.8,0,0,0
163.1,173.1,3,0,0.8,0,0,0
163.1,173.2,5,0,0.66,0,0,0
163.1,179.1,8,0,0.66,0,0,0
163.1,181.1,8,0,0.66,0,0,0
163.1,191.1,12,0,0.33,0,0,0
163.1,193.1,13,0,0.33,0,0,0
167.1,2.4,14,0,0.33,0,0,0
167.1,2.5,8,0,0.66,0,0,0
167.1,1798.6,3,0,0.9,0,0,0
167.1,13.1,14,0,0.33,0,0,0
167.1,13.2,16,0,0.33,0,0,0
167.1,17.1,13,0,0.33,0,0,0
167.1,17.2,14,0,0.33,0,0,0
167.1,19.1,9,0,0.66,0,0,0
167.1,19.2,13,0,0.33,0,0,0
167.1,23.1,8,0,0.66,0,0,0
167.1,23.2,9,0,0.66,0,0,0
167.1,29.1,7,0,0.66,0,0,0
167.1,29.2,7,0,0.66,0,0,0
167.1,29.3,9,0,0.66,0,0,0
167.1,31.1,4,0,0.8,0,0,0
167.1,31.2,4,1,1,1,0,2.5
167.1,31.3,7,0,0.66,0,0,0
167.1,31.4,10,0,0.66,0,0,0
167.1,31.5,14,0,0.33,0,0,0
167.1,37.1,8,0,0.66,0,0,0
167.1,41.1,6,0,0.66,0,0,0
167.1,43.1,9,0,0.66,0,0,0
167.1,47.1,9,0,0.66,0,0,0
167.1,53.1,9,0,0.66,0,0,0
167.1,59.1,11,0,0.33,0,0,0
167.1,61.1,13,0,0.33,0,0,0
167.1,97.1,7,0,0.66,0,0,0
167.1,101.1,6,0,0.66,0,0,0
167.1,103.1,5,0,0.66,0,0,0
167.1,107.1,7,0,0.66,0,0,0
167.1,109.1,9,0,0.66,0,0,0
167.1,113.1,11,0,0.33,0,0,0
167.1,127.1,12,0,0.33,0,0,0
167.1,131.1,14,0,0.33,0,0,0
167.1,163.1,4,0,0.8,0,0,0
167.1,173.1,6,0,0.66,0,0,0
167.1,173.2,4,0,0.8,0,0,0
167.1,179.1,9,0,0.66,0,0,0
167.1,181.1,8,0,0.66,0,0,0
167.1,191.1,13,0,0.33,0,0,0
167.1,193.1,12,0,0.33,0,0,0
173.1,2.5,12,0,0.33,0,0,0
173.1,1798.6,7,0,0.33,0,0,0
173.1,19.1,12,0,0.33,0,0,0
173.1,19.2,13,0,0.33,0,0,0
173.1,23.1,12,0,0.33,0,0,0
173.1,23.2,15,0,0.33,0,0,0
173.1,29.1,7,0,0.66,0,0,0
173.1,29.2,4,1,0.8,1,0,2.5
173.1,29.3,5,0,0.66,0,0,0
173.1,29.4,10,0,0.66,0,0,0
173.1,29.5,15,0,0.33,0,0,0
173.1,31.1,9,0,0.66,0,0,0.5
173.1,31.2,8,0,0.66,0,0,0
173.1,31.3,7,0,0.66,0,0,0
173.1,31.4,8,0,0.66,0,0,0
173.1,31.5,12,0,0.33,0,0,0
173.1,37.1,9,0,0.66,0,0,0
173.1,41.1,10,0,0.66,0,0,0
173.1,43.1,8,0,0.66,0,0,0
173.1,47.1,6,0,0.66,0,0,0
173.1,53.1,5,0,0.66,0,0,0
173.1,59.1,6,0,0.66,0,0,0
173.1,61.1,8,0,0.66,0,0,0
173.1,67.1,9,0,0.66,0,0,0
173.1,71.1,12,0,0.33,0,0,0
173.1,73.1,14,0,0.33,0,0,0
173.1,97.1,13,0,0.33,0,0,0
173.1,101.1,11,0,0.33,0,0,0
173.1,103.1,9,0,0.66,0,0,0
173.1,107.1,9,0,0.66,0,0,0
173.1,109.1,10,0,0.66,0,0,0
173.1,113.1,11,0,0.33,0,0,0
173.1,127.1,11,0,0.33,0,0,0
173.1,131.1,13,0,0.33,0,0,0
173.1,137.1,15,0,0.33,0,0,0
173.1,163.1,3,0,0.8,0,0,0
173.1,167.1,6,0,0.66,0,0,0
173.1,173.2,4,1,0.8,1,0,20
173.1,179.1,5,0,0.66,0,0,0
173.1,181.1,6,0,0.66,0,0,0
173.1,191.1,8,0,0.66,0,0,0
173.1,193.1,9,0,0.66,0,0,0
173.1,197.1,12,0,0.33,0,0,0
173.1,197.2,13,0,0.33,0,0,0
173.2,2.5,12,0,0.33,0,0,0
173.2,1798.6,7,0,0.33,0,0,0
173.2,19.1,13,0,0.33,0,0,0
173.2,19.2,15,0,0.33,0,0,0
173.2,23.1,13,0,0.33,0,0,0
173.2,23.2,13,0,0.33,0,0,0
173.2,29.1,9,0,0.66,0,0,0
173.2,29.2,6,0,0.66,0,0,0
173.2,29.3,8,0,0.66,0,0,0
173.2,29.4,12,0,0.33,0,0,0
173.2,31.1,7,0,0.66,0,0,0
173.2,31.2,4,1,1,1,0,2.5
173.2,31.3,4,0,0.8,0,0,0
173.2,31.4,7,0,0.66,0,0,0
173.2,31.5,10,0,0.66,0,0,0
173.2,37.1,10,0,0.66,0,0,0
173.2,41.1,9,0,0.66,0,0,0
173.2,43.1,11,0,0.33,0,0,0
173.2,47.1,9,0.8,0.66,0,0,0
173.2,53.1,8,0,0.66,0,0,0
173.2,59.1,9,0,0.66,0,0,0
173.2,61.1,11,0,0.33,0,0,0
173.2,67.1,13,0,0.33,0,0,0
173.2,71.1,14,0,0.33,0,0,0
173.2,97.1,10,0,0.66,0,0,0
173.2,101.1,8,0,0.66,0,0,0
173.2,103.1,6,0,0.66,0,0,0
173.2,107.1,6,0,0.66,0,0,0
173.2,109.1,7,0,0.66,0,0,0
173.2,113.1,8,0,0.66,0,0,0
173.2,127.1,9,0,0.66,0,0,0
173.2,131.1,11,0,0.33,0,0,0
173.2,137.1,13,0,0.33,0,0,0
173.2,139.1,14,0,0.33,0,0,0
173.2,163.1,5,0,0.66,0,0,0
173.2,167.1,4,0,0.8,0,0,0
173.2,173.1,4,1,0.8,1,0,20
173.2,179.1,7,0,0.66,0,0,0
173.2,181.1,4,0,0.8,0,0,0
173.2,191.1,9,0,0.66,0,0,0
173.2,193.1,8,0,0.66,0,0,0
173.2,197.1,13,0,0.33,0,0,0
173.2,197.2,13,0,0.33,0,0,0
179.1,1798.6,11,0,0.33,0,0,0
179.1,29.1,12,0,0.33,0,0,0
179.1,29.2,7,0,0.66,0,0,0
179.1,29.3,6,1,0.66,1,0,2.5
179.1,29.4,7,0,0.66,0,0,0
179.1,29.5,10,0,0.66,0,0,0
179.1,29.6,14,0,0.33,0,0,0
179.1,31.1,14,0,0.33,0,0,0
179.1,31.2,9,0,0.66,0,0,0
179.1,31.3,7,0,0.66,0,0,0
179.1,31.4,8,0,0.66,0,0,0
179.1,31.5,8,0,0.66,0,0,0
179.1,31.6,12,0,0.33,0,0,0
179.1,37.1,14,0,0.33,0,0,0
179.1,41.1,15,0,0.33,0,0,0
179.1,43.1,14,0,0.33,0,0,0
179.1,47.1,10,0,0.66,0,0,0
179.1,53.1,7,0,0.66,0,0,0
179.1,59.1,5,0.8,0.66,0,0,0
179.1,61.1,6,0,0.66,0,0,0
179.1,67.1,6,0,0.66,0,0,0
179.1,71.1,8,0,0.66,0,0,0
179.1,73.1,10,0,0.66,0,0,0
179.1,79.1,11,0,0.33,0,0,0
179.1,83.1,14,0,0.33,0,0,0
179.1,101.1,15,0,0.33,0,0,0
179.1,103.1,12,0,0.33,0,0,0
179.1,107.1,10,0,0.66,0,0,0
179.1,109.1,9,0,0.66,0,0,0
179.1,113.1,9,0,0.66,0,0,0
179.1,127.1,9,0,0.66,0,0,0
179.1,131.1,10,0,0.66,0,0,0
179.1,137.1,11,0,0.33,0,0,0
179.1,139.1,13,0,0.33,0,0,0
179.1,149.1,14,0,0.33,0,0,0
179.1,163.1,8,0,0.66,0,0,0
179.1,167.1,9,0,0.66,0,0,0
179.1,173.1,5,0,0.66,0,0,0
179.1,173.2,7,0,0.66,0,0,0
179.1,181.1,4,0,0.8,0,0,0
179.1,191.1,4,0,0.8,0,0,0
179.1,193.1,6,0,0.66,0,0,0
179.1,197.1,8,0,0.66,0,0,0
179.1,197.2,8,0,0.66,0,0,0
179.1,204073.1,11,0,0.33,0,0,0
179.1,211.1,14,0,0.33,0,0,0
179.1,223.1,15,0,0.33,0,0,0
181.1,1798.6,10,0,0.66,0,0,0
181.1,29.1,12,0,0.33,0,0,0
181.1,29.2,8,0,0.66,0,0,0
181.1,29.3,8,0,0.66,0,0,0
181.1,29.4,8,0,0.66,0,0,0
181.1,29.5,13,0,0.33,0,0,0
181.1,31.1,11,0,0.33,0,0,0
181.1,31.2,6,0,0.66,0,0,0
181.1,31.3,4,0,0.8,0,0,0
181.1,31.4,4,1,1,1,0,2.5
181.1,31.5,7,0,0.66,0,0,0
181.1,31.6,11,0,0.33,0,0,0
181.1,37.1,14,0,0.33,0,0,0
181.1,41.1,13,0,0.33,0,0,0
181.1,43.1,15,0,0.33,0,0,0
181.1,47.1,11,0,0.33,0,0,0
181.1,53.1,9,0,0.66,0,0,0
181.1,59.1,8,0,0.66,0,0,0
181.1,61.1,9,0,0.66,0,0,0
181.1,67.1,10,0,0.66,0,0,0
181.1,71.1,11,0,0.33,0,0,0
181.1,73.1,13,0,0.33,0,0,0
181.1,79.1,15,0,0.33,0,0,0
181.1,97.1,14,0,0.33,0,0,0
181.1,101.1,11,0,0.33,0,0,0
181.1,103.1,8,0,0.66,0,0,0
181.1,107.1,6,0,0.66,0,0,0
181.1,109.1,6,0.8,0.66,0,0,0
181.1,113.1,6,0,0.66,0,0,0
181.1,127.1,7,0,0.66,0,0,0
181.1,131.1,8,0,0.66,0,0,0
181.1,137.1,8,0,0.66,0,0,0
181.1,139.1,11,0,0.33,0,0,0
181.1,149.1,13,0,0.33,0,0,0
181.1,151.1,15,0,0.33,0,0,0
181.1,163.1,8,0,0.66,0,0,0
181.1,167.1,8,0,0.66,0,0,0
181.1,173.1,6,0,0.66,0,0,0
181.1,173.2,4,0,0.8,0,0,0
181.1,179.1,4,0,0.8,0,0,0
181.1,191.1,6,0,0.66,0,0,0
181.1,193.1,5,0,0.66,0,0,0
181.1,197.1,9,0,0.66,0,0,0
181.1,197.2,8,0,0.66,0,0,0
181.1,204073.1,13,0,0.33,0,0,0
181.1,223.1,15,0,0.33,0,0,0
191.1,1798.6,15,0,0.33,0,0,0
191.1,29.2,11,0,0.33,0,0,0
191.1,29.3,6,0,0.66,0,0,0
191.1,29.4,4,1,1,1,0,2.5
191.1,29.5,7,0,0.66,0,0,0
191.1,29.6,10,0,0.66,0,0,0
191.1,31.2,12,0,0.33,0,0,0
191.1,31.3,9,0,0.66,0,0,0
191.1,31.4,8,0,0.66,0,0,0
191.1,31.5,7,0,0.66,0,0,0
191.1,31.6,9,0,0.66,0,0,0
191.1,31.7,12,0,0.33,0,0,0
191.1,47.1,14,0,0.33,0,0,0
191.1,53.1,10,0,0.66,0,0,0
191.1,59.1,6,0,0.66,0,0,0
191.1,61.1,6,0,0.66,0,0,0
191.1,67.1,5,0,0.66,0,0,0
191.1,71.1,6,0,0.66,0,0,0
191.1,73.1,7,0,0.66,0,0,0
191.1,79.1,8,0,0.66,0,0,0
191.1,83.1,10,0,0.33,0,0,0
191.1,89.1,13,0,0.33,0,0,0
191.1,103.1,15,0,0.33,0,0,0
191.1,107.1,12,0,0.33,0,0,0
191.1,109.1,11,0,0.33,0,0,0
191.1,113.1,9,0,0.66,0,0,0
191.1,127.1,9,0,0.66,0,0,0
191.1,131.1,9,0,0.66,0,0,0
191.1,137.1,9,0,0.66,0,0,0
191.1,139.1,10,0,0.66,0,0,0
191.1,149.1,12,0,0.33,0,0,0
191.1,151.1,13,0,0.33,0,0,0
191.1,157.1,15,0,0.33,0,0,0
191.1,163.1,12,0,0.33,0,0,0
191.1,167.1,13,0,0.33,0,0,0
191.1,173.1,8,0,0.66,0,0,0
191.1,173.2,9,0,0.66,0,0,0
191.1,179.1,4,0,0.8,0,0,0
191.1,181.1,6,0,0.66,0,0,0
191.1,193.1,4,0,0.8,0,0,0
191.1,197.1,4,0,0.8,0,0,0
191.1,197.2,6,0,0.66,0,0,0
191.1,204073.1,8,0,0.66,0,0,0
191.1,211.1,10,0,0.33,0,0,0
191.1,223.1,11,0,0.33,0,0,0
191.1,227.01,14,0,0.33,0,0,0
193.1,1798.6,15,0,0.33,0,0,0
193.1,29.2,12,0,0.33,0,0,0
193.1,29.3,8,0,0.66,0,0,0
193.1,29.4,7,0,0.66,0,0,0
193.1,29.5,9,0,0.66,0,0,0
193.1,29.6,12,0,0.33,0,0,0
193.1,31.2,10,0,0.66,0,0,0
193.1,31.3,7,0,0.66,0,0,0
193.1,31.4,4,0,0.8,0,0,0
193.1,31.5,4,1,1,1,0,2.5
193.1,31.6,7,0,0.66,0,0,0
193.1,31.7,10,0,0.66,0,0,0
193.1,53.1,12,0,0.33,0,0,0
193.1,59.1,10,0,0.66,0,0,0
193.1,61.1,9,0,0.66,0,0,0
193.1,67.1,9,0,0.66,0,0,0
193.1,71.1,9,0,0.66,0,0,0
193.1,73.1,10,0,0.66,0,0,0
193.1,79.1,11,0,0.33,0,0,0
193.1,83.1,13,0,0.33,0,0,0
193.1,89.1,15,0,0.33,0,0,0
193.1,103.1,13,0,0.33,0,0,0
193.1,107.1,9,0,0.66,0,0,0
193.1,109.1,7,0,0.66,0,0,0
193.1,113.1,6,0,0.66,0,0,0
193.1,127.1,6,0,0.66,0,0,0
193.1,131.1,6,0,0.66,0,0,0
193.1,137.1,6,0.8,0.66,0,0,0
193.1,139.1,8,0,0.66,0,0,0
193.1,149.1,8,0,0.66,0,0,0
193.1,151.1,10,0,0.66,0,0,0
193.1,157.1,13,0,0.33,0,0,0
193.1,163.1,13,0,0.33,0,0,0
193.1,167.1,12,0,0.33,0,0,0
193.1,173.1,9,0,0.66,0,0,0
193.1,173.2,8,0,0.66,0,0,0
193.1,179.1,6,0,0.66,0,0,0
193.1,181.1,5,0,0.66,0,0,0
193.1,191.1,4,0,0.8,0,0,0
193.1,197.1,6,0,0.66,0,0,0
193.1,197.2,4,0,0.8,0,0,0
193.1,204073.1,8,0,0.66,0,0,0
193.1,211.1,11,0,0.33,0,0,0
193.1,223.1,10,0,0.66,0,0,0
193.1,227.01,14,0,0.33,0,0,0
197.1,29.2,14,0,0.33,0,0,0
197.1,29.3,9,0,0.66,0,0,0
197.1,29.4,4,1,1,1,0,2.5
197.1,29.5,4,0,0.8,0,0,0
197.1,29.6,7,0,0.66,0,0,0
197.1,31.3,13,0,0.33,0,0,0
197.1,31.4,9,0,0.66,0,0,0
197.1,31.5,7,0,0.66,0,0,0
197.1,31.6,8,0,0.66,0,0,0
197.1,31.7,9,0,0.66,0,0,0
197.1,53.1,14,0,0.33,0,0,0
197.1,59.1,10,0,0.66,0,0,0
197.1,61.1,8,0,0.66,0,0,0
197.1,67.1,6,0,0.66,0,0,0
197.1,71.1,5,0.8,0.66,0,0,0
197.1,73.1,5,0,0.66,0,0,0
197.1,79.1,7,0,0.66,0,0,0
197.1,83.1,7,0,0.66,0,0,0
197.1,89.1,9,0,0.66,0,0,0
197.1,107.1,15,0,0.33,0,0,0
197.1,109.1,13,0,0.33,0,0,0
197.1,113.1,11,0,0.33,0,0,0
197.1,127.1,10,0,0.66,0,0,0
197.1,131.1,9,0,0.66,0,0,0
197.1,137.1,9,0,0.66,0,0,0
197.1,139.1,9,0,0.66,0,0,0
197.1,149.1,9,0,0.66,0,0,0
197.1,151.1,10,0,0.66,0,0,0
197.1,157.1,12,0,0.33,0,0,0
197.1,173.1,12,0,0.33,0,0,0
197.1,173.2,13,0,0.33,0,0,0
197.1,179.1,8,0,0.66,0,0,0
197.1,181.1,9,0,0.66,0,0,0
197.1,191.1,4,0,0.8,0,0,0
197.1,193.1,6,0,0.66,0,0,0
197.1,197.2,4,1,1,1,0,20
197.1,204073.1,4,0,0.8,0,0,0
197.1,211.1,6,0,0.66,0,0,0
197.1,223.1,7,0,0.66,0,0,0
197.1,227.01,10,0,0.66,0,0,0
197.2,29.3,11,0,0.33,0,0,0
197.2,29.4,7,0.8,0.66,0,0,0
197.2,29.5,7,0,0.66,0,0,0
197.2,29.6,9,0,0.66,0,0,0
197.2,31.2,14,0,0.33,0,0,0
197.2,31.3,11,0,0.33,0,0,0
197.2,31.4,7,0,0.66,0,0,0
197.2,31.5,4,1,1,1,0,2.5
197.2,31.6,4,0,0.8,0,0,0
197.2,31.7,7,0,0.66,0,0,0
197.2,59.1,12,0,0.33,0,0,0
197.2,61.1,11,0,0.33,0,0,0
197.2,67.1,9,0,0.66,0,0,0
197.2,71.1,9,0.4,0.66,0,0,0
197.2,73.1,9,0,0.66,0,0,0
197.2,79.1,9,0,0.66,0,0,0
197.2,83.1,10,0,0.66,0,0,0
197.2,89.1,11,0,0.33,0,0,0
197.2,107.1,13,0,0.33,0,0,0
197.2,109.1,10,0,0.66,0,0,0
197.2,113.1,9,0,0.66,0,0,0
197.2,127.1,8,0,0.66,0,0,0
197.2,131.1,7,0.8,0.66,0,0,0
197.2,139.1,6,0,0.66,0,0,0
197.2,149.1,7,0,0.66,0,0,0
197.2,151.1,8,0,0.66,0,0,0
197.2,157.1,9,0,0.66,0,0,0
197.2,173.1,13,0,0.33,0,0,0
197.2,173.2,13,0,0.33,0,0,0
197.2,179.1,8,0,0.66,0,0,0
197.2,181.1,8,0,0.66,0,0,0
197.2,191.1,6,0,0.66,0,0,0
197.2,193.1,4,0,0.8,0,0,0
197.2,197.1,4,1,1,1,0,1
197.2,204073.1,4,0,0.33,0,0,0
197.2,211.1,8,0,0.66,0,0,0
197.2,223.1,7,0,0.66,0,0,0
197.2,227.01,10,0,0.66,0,0,0
204073.1,29.3,13,0,0.33,0,0,0
204073.1,29.4,7,0,0.66,0,0,0
204073.1,29.5,4,1,0.8,1,0,20
204073.1,29.6,6,0,0.66,0,0,0
204073.1,31.3,15,0,0.33,0,0,0
204073.1,31.4,12,0,0.33,0,0,0
204073.1,31.5,8,0,0.66,0,0,0
204073.1,31.6,6,1,1,1,0,20
204073.1,31.7,6,0,0.66,0,0,0
204073.1,59.1,14,0,0.33,0,0,0
204073.1,61.1,12,0,0.33,0,0,0
204073.1,67.1,10,0,0.66,0,0,0
204073.1,71.1,8,0,0.66,0,0,0
204073.1,73.1,8,0.8,0.5,0,0,0
204073.1,79.1,7,0.8,0.5,0,0,0
204073.1,83.1,7,0,0.66,0,0,0
204073.1,89.1,8,0,0.66,0,0,0
204073.1,109.1,15,0,0.33,0,0,0
204073.1,113.1,13,0,0.33,0,0,0
204073.1,127.1,11,0,0.33,0,0,0
204073.1,131.1,9,0,0.66,0,0,0
204073.1,137.1,6,0,0.66,0,0,0
204073.1,139.1,8,0,0.66,0,0,0
204073.1,149.1,8,0,0.66,0,0,0
204073.1,151.1,8,0,0.66,0,0,0
204073.1,157.1,8,0,0.66,0,0,0
204073.1,179.1,11,0,0.33,0,0,0
204073.1,181.1,13,0,0.33,0,0,0
204073.1,191.1,8,0,0.66,0,0,0
204073.1,193.1,8,0,0.66,0,0,0
204073.1,197.1,4,0,0.8,0,0,0
204073.1,197.2,4,0,0.33,0,0,0
204073.1,211.1,4,1,0.9,1,1,2.5
204073.1,223.1,4,1,0.9,1,1,2.5
204073.1,227.01,7,1,1,1,0,20
211.1,29.4,8,0,0.66,0,0,0
211.1,29.5,4,0,0.8,0,0,0
211.1,29.6,4,0,0.8,0,0,0
211.1,31.4,15,0,0.33,0,0,0
211.1,31.5,11,0,0.33,0,0,0
211.1,31.6,8,0,0.66,0,0,0
211.1,31.7,7,0,0.66,0,0,0
211.1,61.1,13,0,0.33,0,0,0
211.1,67.1,11,0,0.33,0,0,0
211.1,71.1,8,0,0.66,0,0,0
211.1,73.1,8,0,0.66,0,0,0
211.1,79.1,6,0,0.66,0,0,0
211.1,83.1,5,0,0.66,0,0,0
211.1,89.1,5,0,0.66,0,0,0
211.1,127.1,15,0,0.33,0,0,0
211.1,131.1,13,0,0.33,0,0,0
211.1,137.1,12,0,0.33,0,0,0
211.1,139.1,10,0,0.66,0,0,0
211.1,149.1,9,0,0.66,0,0,0
211.1,151.1,9,0,0.66,0,0,0
211.1,157.1,8,0,0.66,0,0,0
211.1,179.1,14,0,0.33,0,0,0
211.1,191.1,10,0,0.33,0,0,0
211.1,193.1,11,0,0.33,0,0,0
211.1,197.1,6,0,0.66,0,0,0
211.1,197.2,8,0,0.66,0,0,0
211.1,204073.1,4,1,0.9,1,1,2.5
211.1,223.1,4,0,0.8,0,0,0
211.1,227.01,4,0,0.8,0,0,0
223.1,29.4,11,0,0.33,0,0,0
223.1,29.5,8,0,0.66,0,0,0
223.1,29.6,7,0,0.66,0,0,0
223.1,31.4,14,0,0.33,0,0,0
223.1,31.5,9,0,0.66,0,0,0
223.1,31.6,5,0,0.66,0,0,0
223.1,31.7,4,0,0.8,0,0,0
223.1,67.1,14,0,0.33,0,0,0
223.1,71.1,11,0,0.33,0,0,0
223.1,73.1,10,0,0.66,0,0,0
223.1,79.1,9,0,0.66,0,0,0
223.1,83.1,9,0,0.66,0,0,0
223.1,89.1,9,0,0.66,0,0,0
223.1,113.1,14,0,0.33,0,0,0
223.1,127.1,13,0,0.33,0,0,0
223.1,131.1,11,0,0.33,0,0,0
223.1,137.1,9,0,0.66,0,0,0
223.1,139.1,7,0,0.66,0,0,0
223.1,149.1,6,0,0.66,0,0,0
223.1,151.1,6,0,0.66,0,0,0
223.1,157.1,6,0,0.66,0,0,0
223.1,179.1,15,0,0.33,0,0,0
223.1,181.1,15,0,0.33,0,0,0
223.1,191.1,11,0,0.33,0,0,0
223.1,193.1,10,0,0.66,0,0,0
223.1,197.1,7,0,0.66,0,0,0
223.1,197.2,7,0,0.66,0,0,0
223.1,204073.1,4,1,0.9,1,1,2.5
223.1,211.1,4,0,0.8,0,0,0
223.1,227.01,4,0,0.8,0,0,0
227.01,29.4,14,0,0.33,0,0,0
227.01,29.5,9,0,0.66,0,0,0
227.01,29.6,7,0,0.33,0,0,0
227.01,31.5,14,0,0.33,0,0,0
227.01,31.6,9,0,0.66,0,0,0
227.01,31.7,7,0,0.66,0,0,0
227.01,71.1,14,0,0.33,0,0,0
227.01,73.1,11,0,0.33,0,0,0
227.01,79.1,9,0,0.66,0,0,0
227.01,83.1,9,0,0.66,0,0,0
227.01,89.1,7,0,0.66,0,0,0
227.01,131.1,15,0,0.33,0,0,0
227.01,137.1,14,0,0.33,0,0,0
227.01,139.1,12,0,0.33,0,0,0
227.01,149.1,9,0,0.66,0,0,0
227.01,151.1,9,0,0.66,0,0,0
227.01,157.1,8,0,0.66,0,0,0
227.01,191.1,14,0,0.33,0,0,0
227.01,193.1,14,0,0.33,0,0,0
227.01,197.1,10,0,0.66,0,0,0
227.01,197.2,10,0,0.66,0,0,0
227.01,204073.1,7,1,1,1,0,20
227.01,211.1,4,0,0.8,0,0,0
227.01,223.1,4,0,0.8,0,0,0
